100	100
13.608	-4.225	11.324	11.938	16.466	-12.098	-6.591	10.729	-8.889	2.159	-0.904	5.155	-5.409	0.536	18.089	16.648	5.428	8.692	-14.336	4.279	-19.348	-10.285	-14.511	12.167	-13.733	-3.962	-14.808	-15.648	19.957	-11.270	0.517	13.564	4.506	-8.159	5.502	0.971	-0.257	18.911	-8.299	10.854	1.070	10.797	-3.991	15.661	-8.667	-5.902	12.309	16.761	-17.210	17.973	1.040	-16.558	-12.311	6.529	15.609	-6.044	-17.433	-19.199	-1.692	-17.476	-10.469	18.825	16.088	14.037	-9.333	1.590	-4.992	10.410	0.501	6.709	1.264	-18.429	-2.494	17.273	17.232	8.838	-8.628	9.541	5.599	-5.838	7.514	-13.361	-2.396	15.203	13.168	-6.787	-10.841	15.735	-5.986	7.467	18.259	3.546	6.292	14.347	-2.418	16.959	-4.063	12.591	7.369	16.439	
-0.700	-11.367	18.010	16.805	-14.094	15.242	5.643	-2.722	4.784	-8.758	11.440	-7.702	-2.119	-10.956	-12.499	-8.951	2.258	-3.340	-13.216	16.272	-15.873	-14.957	-0.182	10.419	19.390	17.400	7.378	-4.672	9.991	-5.253	-8.234	-10.710	3.380	-10.223	-13.904	9.286	-14.981	11.739	-13.436	9.803	-17.019	18.004	-17.899	0.863	-12.952	-10.398	11.912	9.306	6.263	18.696	5.578	10.389	-16.261	-14.604	0.808	-16.871	-17.204	-11.814	-1.543	12.787	2.933	10.223	-17.922	-13.688	20.000	-11.827	15.598	-14.981	19.912	-17.838	14.822	-17.107	-19.834	16.923	3.756	-12.785	-13.475	-4.332	16.521	12.788	-5.636	2.099	3.177	-1.897	7.495	-16.014	1.232	10.292	-7.828	19.689	3.079	15.105	9.912	5.156	-18.583	9.912	13.330	17.015	14.931	13.242	
19.177	9.752	16.135	19.344	6.675	-0.110	-13.441	13.200	15.558	-16.920	5.988	-10.078	5.179	-10.835	8.025	-7.325	-6.849	-10.743	-17.034	5.323	-11.054	6.045	0.427	18.859	-8.798	1.844	8.771	-15.469	-1.141	3.702	17.773	-1.963	-6.546	13.907	-2.619	-19.871	-6.202	3.939	13.330	-10.644	7.019	-0.682	-0.723	-7.802	8.483	-12.698	4.873	-18.365	-3.441	7.839	6.957	5.506	-6.115	-12.615	4.364	5.086	9.229	-6.865	9.618	-11.911	16.837	7.390	6.125	-9.709	1.298	-16.494	-9.580	15.095	7.445	-16.250	-15.549	-5.536	3.068	3.728	6.662	-8.449	11.031	-8.465	-6.814	-12.410	19.375	-19.857	13.096	-6.741	-12.472	-2.540	18.345	16.757	10.595	7.963	-15.154	7.431	-4.647	10.971	17.722	16.651	14.477	-11.858	11.746	1.922	
-8.108	16.197	16.386	14.959	-0.074	3.048	-13.490	-9.044	14.583	-0.304	-1.454	13.958	-0.161	-8.358	-12.783	7.367	9.102	-14.438	4.124	-0.303	13.525	8.970	-12.872	-11.121	-0.059	-15.150	-14.470	-5.582	-7.008	17.276	16.339	4.884	13.473	12.725	-0.157	-6.601	-4.227	6.353	4.355	-9.644	-13.951	-17.098	-15.686	5.888	-5.456	-8.469	-6.745	-16.354	-2.907	17.380	3.343	-9.382	6.350	10.471	-0.503	-13.709	15.321	5.027	0.709	-11.686	2.302	-2.952	13.198	-4.224	-10.227	-6.959	9.174	5.546	19.394	-6.470	15.902	-14.557	-3.568	-19.784	11.331	10.975	-8.253	-15.413	14.621	8.840	-18.034	-2.036	19.459	8.316	-11.565	-1.044	14.607	-16.243	-16.018	-4.684	-7.929	6.285	12.364	-14.732	-17.940	-17.863	-1.691	11.235	7.683	-2.298	
-15.236	3.585	3.145	1.196	3.802	-5.523	-7.829	15.549	-0.937	-13.207	4.389	1.030	4.757	3.848	-10.654	13.192	-17.196	-16.047	16.949	-13.214	-0.731	-10.980	13.071	-8.367	-5.712	15.131	-6.230	12.596	6.366	-18.547	-9.701	11.130	5.039	13.444	-7.674	-11.160	-12.079	4.498	-15.611	6.984	11.290	8.778	-11.986	-3.952	-7.374	-2.640	-10.760	-4.570	1.314	-13.811	2.216	-19.417	-4.791	-4.713	-7.784	9.496	-9.582	5.986	2.093	16.784	7.439	12.391	7.914	-7.522	5.836	-19.760	1.318	13.756	4.738	5.708	0.741	-3.972	-5.514	8.755	12.076	7.112	-13.885	-18.684	-17.458	7.429	-12.495	4.758	8.012	2.713	-19.955	-19.772	-7.790	-9.537	6.215	14.302	-12.754	-6.346	6.694	15.160	6.132	-7.471	15.401	-12.549	-13.714	0.138	
13.158	7.026	16.167	-12.356	-4.219	8.243	14.757	1.896	9.558	17.299	-10.675	17.063	2.058	17.337	-0.224	2.103	17.565	11.986	12.566	3.780	6.288	19.812	17.434	-7.018	14.972	3.566	5.511	10.373	11.017	11.796	-9.489	4.175	-1.177	-13.322	11.820	14.603	14.921	6.577	-3.501	4.479	3.876	5.824	1.542	-14.066	3.161	-18.681	8.036	0.726	13.304	0.602	-15.494	-0.408	0.414	-18.060	12.574	-4.614	5.506	-1.915	-14.241	-3.477	-10.119	-3.729	-19.302	8.704	2.949	12.518	3.307	-2.130	-0.906	19.807	-17.651	-17.030	5.631	3.891	-11.096	-11.208	5.210	16.941	9.518	-1.486	-2.458	14.023	18.106	17.956	15.963	10.681	-6.657	1.470	-11.235	-0.898	17.993	-1.353	15.373	18.691	-12.649	-1.678	11.209	10.658	16.191	-9.697	
10.464	18.540	-6.726	-3.905	2.431	2.178	4.887	-12.359	-0.882	-5.596	6.155	16.661	-11.572	4.262	14.617	-15.609	-5.058	-12.040	5.861	3.708	7.062	3.854	-17.646	2.435	2.545	-10.295	-19.244	-6.246	-19.637	16.948	4.057	10.827	15.488	17.331	-13.077	-2.081	-0.491	11.809	5.560	18.627	-13.787	-8.284	15.288	-5.359	15.977	9.906	-0.968	-9.081	17.866	-15.107	14.627	4.928	8.747	16.982	-12.637	-8.709	-13.313	-11.881	5.045	-12.950	-14.933	-10.898	17.877	-19.445	-13.567	-15.200	-1.526	5.942	16.609	-15.966	4.569	-17.178	-4.250	-0.143	-2.537	-8.273	-10.237	16.496	2.647	-12.372	-18.611	-2.726	12.556	10.135	-5.745	19.919	-18.573	0.942	-11.962	6.472	7.991	-6.895	15.574	5.868	-6.341	-17.993	10.668	12.133	7.949	7.277	
16.167	-7.482	10.099	-8.083	12.375	-12.437	3.644	-17.862	-15.942	-13.709	-10.234	-14.553	3.565	-17.678	15.582	17.820	-17.759	17.009	-1.238	-9.721	3.480	-13.247	3.383	-0.946	12.622	17.043	1.061	3.290	9.176	-10.991	-9.433	5.343	1.527	-19.334	17.261	-6.098	-11.771	0.905	-3.961	-7.713	7.196	5.805	-2.266	-9.239	8.127	-6.684	-11.419	10.368	-9.676	7.343	-19.353	13.805	14.096	4.031	-7.141	6.718	1.073	13.920	-9.992	-9.751	-17.071	0.575	15.593	4.456	1.241	12.853	18.358	9.470	-6.242	-5.602	-18.243	-19.045	-19.797	-0.510	-8.285	8.330	12.806	0.296	-1.301	-16.870	-12.361	-0.654	16.935	-18.264	-16.624	-10.206	8.454	4.450	-16.286	18.463	14.699	-13.356	-0.962	10.291	11.100	-19.721	3.145	9.458	9.749	16.903	
-16.144	11.506	17.857	-15.941	-9.004	-10.427	12.390	-16.198	9.869	-8.911	-13.068	17.509	10.434	-16.133	19.244	13.811	-6.338	7.699	-1.739	-2.624	6.161	-7.041	4.020	-14.801	-16.749	-4.880	-14.522	6.395	-15.422	15.227	3.298	-11.565	6.733	1.155	-7.506	17.729	10.728	-15.117	-18.469	0.597	-4.028	-11.537	-1.894	-13.594	-7.670	-2.650	-19.783	5.991	-14.951	-1.522	-16.633	11.210	11.437	7.387	16.409	14.688	-17.493	-18.113	1.083	-12.915	17.115	-15.619	-4.480	3.848	5.536	8.014	1.577	-3.735	12.897	3.107	16.862	-11.131	11.570	-5.032	-4.724	-16.100	12.318	-4.507	9.891	17.367	13.971	13.258	8.577	5.408	0.646	4.986	0.096	3.153	6.874	-18.821	10.238	3.988	-14.440	-14.242	-12.164	11.096	13.771	9.412	-12.639	6.668	
-7.480	-15.777	15.537	-15.911	-0.809	-9.187	-12.011	-8.491	6.306	17.880	-11.123	0.277	11.139	17.454	-14.315	-8.216	2.440	5.781	14.937	-10.686	6.960	5.174	13.302	12.520	10.932	-18.862	3.616	4.703	10.551	10.977	-8.628	-16.930	15.200	-13.091	-12.841	-5.609	-2.278	-4.852	5.901	-15.973	-6.972	14.778	4.304	-15.833	12.232	9.989	-4.049	-5.328	-4.230	-9.112	3.986	-17.271	16.062	-2.712	15.249	6.994	-1.574	-1.134	-8.303	-11.023	-10.157	3.069	-7.953	-14.957	9.978	-0.794	-0.565	-12.301	14.355	-14.664	-8.273	-12.617	-19.887	16.031	-8.450	12.345	6.020	7.501	-12.983	-18.211	18.389	11.002	-15.481	14.451	-11.710	19.768	1.445	6.716	-1.367	13.142	15.693	8.476	-3.789	-12.260	13.519	-13.812	6.946	-7.046	-6.112	1.301	
-1.710	5.615	8.684	-1.597	1.646	-19.766	-9.253	-12.335	7.735	-2.236	-10.546	6.123	-11.234	-6.027	0.574	-2.944	-6.259	-17.981	-16.227	12.374	15.161	19.466	0.850	-8.629	-12.795	-5.630	-2.440	14.151	7.324	11.447	-4.548	-14.386	-2.938	-15.864	4.016	18.708	-15.631	14.764	-13.627	12.104	-7.473	-4.173	-1.772	1.294	9.800	18.802	18.350	-16.459	-19.180	-17.877	15.915	15.981	-18.411	-3.234	-12.648	-11.206	11.136	4.912	-17.054	-1.540	-3.641	-1.603	4.073	13.421	2.533	-11.911	12.129	6.902	-17.147	18.502	-0.993	-4.620	-5.671	17.234	16.674	-15.870	16.036	15.024	-12.329	16.856	17.147	-16.414	12.837	18.736	0.352	-19.811	-12.470	-8.512	5.101	-9.525	9.947	-18.540	8.873	-5.980	14.881	-8.594	2.110	7.010	18.308	4.962	
5.512	-2.685	-19.657	19.842	-5.451	17.017	-16.029	-9.415	12.041	-8.358	-12.559	9.188	-4.772	-19.722	7.924	15.580	-19.533	15.454	-12.932	5.568	-14.071	17.015	7.028	14.802	-8.965	1.909	-13.792	13.145	-11.081	-15.484	-1.893	14.431	1.831	-1.550	14.273	16.380	-4.533	18.244	-13.035	-12.492	-10.113	-5.593	16.696	5.115	-5.315	4.620	0.696	-4.848	0.073	7.764	-19.280	6.003	4.779	7.748	0.805	15.814	-10.343	7.013	8.959	-1.424	11.529	-12.934	-6.993	-6.639	5.516	-12.720	-10.259	-19.017	-14.475	-3.293	-11.509	-4.589	11.113	-14.813	-19.474	-14.202	9.806	1.222	0.950	-10.120	-11.014	1.670	15.882	13.765	-10.583	-3.313	9.579	-0.926	-16.300	-1.462	17.650	15.229	5.604	-9.343	-11.410	-8.880	-2.063	-1.669	-7.897	3.461	
15.037	0.594	18.873	6.150	5.780	19.399	11.948	-4.413	0.621	-7.102	5.466	9.607	14.568	1.348	3.372	-16.015	18.035	-7.050	3.059	-18.265	11.488	0.709	16.964	-2.908	11.366	-14.446	8.212	-10.697	3.885	-19.685	12.764	-1.078	0.909	11.637	-14.928	-13.310	11.036	17.020	2.276	-8.343	-10.082	-12.257	-18.736	-15.514	9.091	4.636	-11.529	7.126	17.586	11.531	8.862	9.074	-7.761	5.826	-13.834	-16.395	11.380	14.378	-7.092	-4.736	14.693	-14.328	14.186	-4.398	17.309	19.258	2.292	8.345	16.279	-15.432	-19.998	-13.803	-7.689	-18.734	-9.317	-18.598	5.902	-0.845	8.528	3.488	-9.315	-2.610	-7.438	2.925	-16.785	-1.273	6.530	14.595	-6.895	19.438	-10.141	-12.202	-14.890	-15.955	3.400	-17.582	-16.697	-14.308	10.763	19.582	
-9.740	10.765	-14.221	2.570	12.031	-3.538	3.972	-2.067	15.617	-7.500	-18.579	-13.698	9.889	-6.018	9.227	13.105	12.710	-4.243	7.700	-14.185	-4.805	17.559	-6.387	0.305	-18.397	17.013	2.723	-15.093	-17.296	-6.514	-15.512	-7.036	-15.749	-9.733	15.534	16.282	6.729	-0.494	-5.785	2.346	12.005	-4.364	8.648	1.894	9.618	-2.125	-5.001	2.328	13.632	-17.302	8.143	-11.173	-19.743	-18.244	9.132	-18.139	18.768	-8.145	-13.233	-18.527	5.341	-8.745	-5.563	9.592	1.522	-10.030	5.874	-11.749	9.476	-19.912	10.597	1.481	-4.276	-0.755	-16.624	-14.658	17.120	-1.625	7.670	10.752	1.073	-4.187	19.579	1.330	-2.432	8.711	3.191	-3.663	-19.434	9.958	-2.191	5.907	-18.787	12.246	-4.501	2.735	-17.784	-18.628	10.986	11.692	
-18.539	1.583	-6.826	-2.815	-19.172	-3.451	2.526	17.948	14.924	-9.804	8.700	-4.003	6.009	8.280	17.327	-16.423	-3.009	0.518	-0.086	-2.443	-9.525	17.723	-16.536	-8.312	9.969	-1.037	14.423	12.186	0.335	5.410	3.878	1.795	-13.007	17.052	18.980	-12.178	-6.399	1.506	-14.230	-11.475	11.703	14.470	4.522	-2.288	2.750	1.849	1.289	19.741	-17.633	-18.797	-2.702	-7.158	18.926	0.762	4.530	8.895	19.724	-1.046	1.081	0.059	-15.637	-15.041	-18.145	-8.643	-17.989	-19.165	-0.822	-4.388	2.341	4.948	4.136	-5.956	-0.582	-11.342	11.755	-17.831	10.507	-6.956	-18.090	12.874	-5.754	-0.792	-14.284	-6.828	19.970	10.246	-17.933	19.694	-10.801	3.148	-0.247	-6.437	8.107	1.608	4.920	10.117	2.442	-15.902	-14.271	-15.217	
9.046	9.865	-1.173	-11.536	18.524	-9.418	-9.367	9.031	3.626	-7.458	1.905	17.872	11.750	7.620	-8.955	11.720	-2.134	-6.888	11.414	7.065	16.260	-8.833	-19.372	4.367	12.775	5.547	-5.515	-4.783	9.645	0.214	0.001	-1.309	-9.921	18.828	7.155	-11.397	-10.590	17.788	17.633	13.036	-9.670	-0.462	10.908	-17.920	-12.842	-18.047	13.800	5.024	-4.935	5.214	-7.911	-8.674	16.381	-7.283	15.693	9.156	18.264	-9.823	-15.627	7.910	10.391	4.374	-13.399	-19.530	3.202	13.756	-10.928	12.612	11.544	-13.294	5.648	-18.126	6.244	-3.444	-16.046	13.402	-1.491	17.755	-1.574	13.574	2.969	10.515	-15.100	-0.650	-16.768	-19.408	-11.494	-18.504	-9.230	-7.121	9.406	-18.840	17.254	16.007	-18.370	0.455	9.762	-9.297	-6.933	1.306	
-2.591	18.715	3.180	-16.347	-4.730	7.134	17.055	13.779	4.889	-4.520	7.353	-12.143	-14.005	12.253	7.207	-10.773	12.845	15.713	-9.277	-16.385	-11.408	-19.871	-15.225	-14.155	16.136	-13.595	6.301	5.898	-2.892	19.368	-12.796	14.517	18.083	10.384	18.169	-6.647	-2.482	15.224	-12.867	-17.594	-9.296	14.486	-9.737	-3.300	6.739	17.470	5.927	-0.416	13.183	16.650	3.199	-18.225	16.779	7.974	-12.380	12.915	14.379	13.921	-1.187	-8.513	13.289	6.017	-13.996	11.372	-3.600	-15.827	-15.275	13.918	19.397	-8.142	16.324	-9.899	-13.657	-13.412	6.801	13.082	-15.942	-7.272	-7.334	17.241	-10.622	15.865	19.015	-13.843	3.839	-13.365	19.072	-1.782	-19.444	-2.115	9.705	13.845	-16.098	15.709	5.217	0.302	19.882	9.942	-5.780	19.279	
-18.200	-9.455	-10.619	-11.857	-2.868	16.182	-18.775	1.190	-11.091	-6.109	-1.569	-1.713	-10.244	-2.554	4.444	13.595	4.081	3.516	-8.188	4.637	-18.599	-18.483	-1.517	-14.698	17.226	-16.300	5.605	17.108	13.642	19.825	16.387	15.441	-9.631	-14.232	-16.416	7.502	-18.050	-15.190	-11.308	-9.141	-1.299	7.123	9.146	8.457	-15.431	-6.411	2.052	8.650	17.105	13.864	-6.713	18.505	15.382	11.770	-16.192	12.608	15.469	9.412	9.716	9.111	9.237	6.104	4.552	19.607	11.872	8.137	7.108	13.821	12.946	15.800	-15.320	-8.352	2.923	13.825	-19.895	7.492	-12.585	2.157	-3.858	-15.480	-3.979	9.429	-16.975	-8.597	1.199	-13.167	-15.989	-3.332	16.245	13.727	-14.221	5.482	-0.169	10.332	5.089	-8.298	-1.532	-7.803	-14.477	-8.585	
-12.002	-9.797	3.062	10.921	-15.972	3.167	-1.588	-8.557	-14.676	14.554	-4.038	1.345	3.983	-1.013	12.749	-14.818	5.820	16.760	1.850	2.065	10.487	7.629	-12.453	-9.682	-2.039	12.636	2.020	16.429	-15.167	7.543	-12.156	-7.169	17.746	10.906	-16.248	-18.226	-5.927	2.164	-6.783	-0.603	-3.282	9.180	-19.258	-19.299	-11.833	13.491	-14.118	13.988	10.251	7.732	-3.947	0.737	-4.638	3.600	11.055	13.322	-3.763	-6.925	9.752	1.070	-19.382	17.595	13.901	18.364	8.501	17.652	-19.862	-17.426	-0.184	-6.644	1.970	16.534	-17.464	2.713	17.235	-9.297	-3.796	-16.883	-15.309	-13.546	10.850	0.744	7.192	-13.788	-15.656	-1.753	19.534	0.581	11.321	9.286	-18.349	11.939	6.881	15.552	10.303	-4.618	13.204	10.441	-2.045	-6.979	
-16.203	19.926	-10.445	-13.667	2.638	-13.210	-2.964	18.842	-10.093	1.727	-14.704	-19.243	-17.530	12.488	-13.031	-13.185	-9.266	-13.497	7.396	-17.945	15.788	9.047	13.994	2.669	4.599	4.297	18.051	-2.197	-5.262	-3.994	10.824	-1.465	-4.068	-19.621	4.868	18.570	-12.831	-18.096	17.412	-2.924	3.630	-17.292	-2.167	6.101	15.195	4.802	12.915	-14.071	11.305	0.311	-12.015	7.094	-10.642	-18.021	-10.237	13.956	6.276	-12.187	-8.240	-18.986	3.819	-17.416	-0.451	19.751	-17.038	-15.583	18.321	-9.869	-13.679	15.733	7.207	9.951	18.441	-14.959	-3.949	13.636	9.843	-11.033	19.565	1.148	9.278	-12.450	-11.758	18.635	-10.471	-1.995	12.592	15.805	5.818	-15.649	16.819	-10.363	-13.065	-3.631	-10.612	-10.103	0.786	-12.291	0.028	7.106	
-16.558	-12.765	-2.943	-18.117	-7.724	13.108	15.519	-17.881	-17.925	15.084	3.267	11.352	-17.366	11.509	9.988	-7.837	-10.486	2.579	-12.032	15.332	6.931	-15.213	-15.031	13.866	1.156	-5.642	-16.237	-18.059	2.067	3.791	9.047	5.509	11.027	-13.896	7.392	-16.697	19.213	2.911	-14.578	-18.713	-2.006	8.689	12.640	0.628	0.198	2.627	12.792	9.712	-14.793	-19.240	5.044	12.137	-14.453	10.013	6.003	6.702	-15.629	9.766	8.644	6.439	-6.443	-2.309	-8.052	-15.416	3.796	19.340	-12.114	3.008	2.250	-6.692	4.295	-19.755	-18.003	-3.065	0.873	2.196	19.562	-6.335	-8.092	-15.231	-5.576	16.952	16.906	-0.029	6.965	2.909	-13.327	11.337	-7.325	15.317	-2.225	6.233	-6.992	9.723	10.816	16.804	9.063	18.703	-0.188	-8.687	
-7.989	-15.893	-8.442	-5.992	1.042	12.432	16.204	0.605	-13.903	-11.889	5.374	0.521	-14.937	2.280	-19.508	12.028	-14.811	-12.834	3.365	-2.135	-17.517	-18.860	-15.903	-4.509	10.863	14.914	-7.705	-0.074	13.616	12.107	11.239	-14.373	16.214	-17.202	-0.364	-2.744	15.229	-4.160	17.861	-18.674	3.951	3.235	1.847	9.014	-14.485	2.339	1.042	-9.296	9.504	-15.593	8.569	11.987	-14.453	12.667	-12.522	16.410	7.580	-0.227	-3.663	1.197	-8.121	-12.424	6.824	-11.907	-9.626	-13.540	5.349	-14.397	2.299	3.210	-13.071	-13.750	-13.555	8.776	15.264	-8.040	-8.885	-3.693	2.665	-19.381	0.714	-8.766	12.606	6.262	-16.099	-19.915	2.672	11.481	-0.143	19.009	-7.322	11.736	-13.415	19.502	19.829	-3.042	-14.038	5.179	2.562	8.261	
-11.611	9.491	14.511	-5.165	-1.733	9.776	6.795	9.382	-13.918	-10.540	10.001	6.797	0.694	2.608	-6.942	4.594	2.692	15.730	-3.925	-17.451	14.739	8.753	14.286	-18.676	8.255	14.115	-1.718	14.217	-0.706	-19.156	2.478	7.683	10.335	-3.011	-17.482	-11.399	-13.236	9.313	17.983	-7.153	18.772	7.984	19.644	-0.534	-9.408	-7.298	-15.940	13.284	-11.568	0.136	15.833	-16.829	-11.111	10.119	-15.505	17.144	4.234	2.777	11.361	-16.472	3.621	-6.161	11.211	-6.045	10.827	13.729	2.557	17.592	3.042	0.540	-9.561	1.814	-11.476	-9.918	-18.720	-0.885	2.784	-14.660	-7.601	11.216	5.476	-11.768	14.387	14.365	18.351	18.882	11.509	2.585	1.659	2.870	6.113	-14.720	16.709	-2.675	-0.765	7.536	-8.946	-18.208	5.128	14.096	
2.331	15.566	-4.090	10.855	-14.352	-2.810	-10.029	8.432	2.531	2.370	-0.351	-11.993	10.602	-5.964	-17.628	8.954	-7.082	13.881	-8.461	14.578	-3.249	17.652	19.858	-6.540	-5.023	-0.907	-19.004	6.030	0.885	6.124	0.126	-16.784	1.690	16.036	14.071	7.338	-6.774	-15.958	-4.230	15.756	6.412	15.419	-16.237	-2.986	-10.545	-13.865	-14.032	2.373	-19.984	-2.493	-3.049	-3.232	-4.841	-3.191	10.228	10.135	15.902	11.224	-3.835	-3.214	-2.653	16.291	0.003	19.037	12.327	-5.926	6.375	-14.447	-1.884	-17.854	-18.691	-15.472	17.565	-14.928	1.543	-12.980	-8.793	7.511	9.393	-8.776	-14.983	-13.656	7.991	0.176	3.153	-1.781	-9.689	-0.945	-10.557	6.477	15.841	6.790	2.768	-4.156	5.828	-4.905	9.918	-7.797	0.648	-11.966	
-5.651	1.958	-7.438	-8.086	7.030	14.105	-1.066	18.238	1.616	-11.673	-10.539	6.633	-5.329	17.453	-13.191	17.824	-4.328	-2.880	-3.121	5.115	-16.403	-7.280	-8.095	6.364	8.564	17.733	-18.540	-1.519	-10.064	2.108	6.515	4.285	-15.935	19.077	16.199	11.095	13.182	-4.867	9.333	-5.202	3.460	18.794	-18.569	18.131	16.247	-11.760	15.955	-8.082	5.360	-7.166	17.033	8.956	5.554	-11.062	-4.679	-5.882	-13.330	-3.220	12.599	-3.394	18.888	-0.886	-19.109	-17.047	-1.808	17.090	14.048	-8.626	-7.778	3.381	6.172	15.682	2.175	7.603	13.813	-1.579	15.842	9.768	10.340	1.202	-17.397	7.372	-9.842	8.157	16.310	5.478	-17.725	-17.020	-17.742	14.874	-0.414	-18.854	-6.011	0.477	-15.901	12.180	-2.433	18.147	-16.445	9.789	
1.528	9.727	5.471	-16.297	-2.671	-0.716	2.124	-6.829	-10.947	-7.536	14.373	-8.345	19.836	-15.469	19.812	16.146	10.009	-17.913	19.127	12.268	16.961	-1.287	13.414	-9.051	19.190	17.513	-16.870	-3.243	15.660	-13.316	-13.454	-2.811	16.411	12.018	0.892	-6.260	-8.698	-16.984	6.911	0.354	-4.520	1.284	12.010	-4.683	5.815	11.821	-8.537	-4.175	13.908	-9.410	-11.908	10.869	9.303	-18.494	-18.182	8.493	19.019	-15.052	-14.750	14.680	-8.368	-8.204	-8.132	-11.957	-16.186	12.760	1.783	-4.884	15.776	-11.306	15.470	-8.744	9.978	7.480	6.573	-4.206	-0.699	18.036	11.618	-6.791	-11.374	19.711	-15.922	17.928	-18.783	-14.104	6.421	-19.764	-9.156	11.671	14.916	2.476	-16.533	-13.216	10.519	-12.720	19.544	-7.699	2.396	15.320	
0.995	-2.134	-13.424	-9.027	-14.655	13.149	6.767	4.647	11.185	-1.615	17.856	19.810	-1.904	-18.066	17.738	-0.687	-12.170	4.159	-0.450	-1.326	-4.170	-5.534	-18.850	-0.703	1.250	11.669	6.578	0.794	-16.030	-11.026	-3.885	4.965	6.839	2.691	15.939	12.185	-4.160	2.706	-3.169	-12.976	-18.909	-5.313	-13.166	-0.812	-3.379	-15.427	18.501	4.451	8.732	-1.950	-16.875	-15.438	12.516	-15.724	3.859	-6.234	15.945	-9.563	14.561	19.915	-0.590	-9.325	4.880	-13.750	13.366	0.819	18.435	-10.794	-16.475	-4.734	-3.770	-15.383	9.953	3.064	3.804	-13.426	7.637	2.305	11.026	-3.631	-19.645	14.151	0.931	12.871	18.427	-15.210	-13.363	14.371	-4.773	-18.802	14.286	14.637	-8.127	-0.833	-19.113	-14.761	19.986	19.322	-5.555	-16.489	
-5.412	10.674	-11.872	-15.459	-6.261	11.932	-8.884	-18.625	-5.763	-17.859	-2.256	-5.408	16.292	18.675	-12.537	14.719	-16.535	-5.900	9.090	-1.308	-4.702	3.377	-6.671	7.171	-17.456	-5.785	12.411	-17.470	-6.463	-13.145	-13.959	8.125	17.530	-5.831	12.666	-8.732	-13.899	-16.218	-7.356	0.337	-14.077	10.388	14.929	-17.785	9.062	-17.608	16.935	12.527	-3.508	6.025	-8.781	11.791	-10.598	4.547	-1.038	-8.054	18.763	-8.627	-5.525	-7.700	-1.772	0.516	-19.575	-4.242	14.685	13.091	7.026	-19.214	16.872	19.670	1.123	-17.204	10.058	-3.948	-14.989	-0.880	-1.556	-18.054	-8.353	14.936	7.971	2.866	6.727	17.372	-12.587	-14.311	-10.682	-13.824	-2.938	3.793	-1.524	15.290	-15.690	-1.100	-8.952	18.995	-8.009	18.074	19.780	-11.137	
17.744	0.904	-8.341	7.802	16.956	-3.330	-13.079	-4.600	-1.384	-1.432	-9.663	-13.414	-18.566	17.064	-16.041	-11.153	-17.247	-6.723	-4.977	-0.186	17.070	13.498	-4.896	-18.621	-7.602	6.151	-19.626	4.389	4.225	-19.846	13.253	1.970	1.058	-15.088	-10.229	-1.986	1.582	-3.307	13.414	-19.802	15.261	-16.250	-13.216	16.695	-19.186	-9.258	-14.458	-16.434	4.019	0.564	3.381	1.089	-5.938	18.484	2.468	6.461	4.636	2.843	-9.150	-11.139	2.997	-15.897	10.831	-15.945	-10.985	-19.398	2.069	10.597	-2.705	-4.517	10.794	-7.445	-0.767	17.578	-10.750	0.047	-11.680	-5.208	3.613	12.340	15.356	-13.006	-6.572	-10.582	-14.522	15.897	15.879	10.114	-1.260	-13.271	18.976	-18.263	-9.168	9.807	-14.208	-0.153	10.409	7.861	-9.556	-12.297	
-16.657	-18.761	0.259	2.576	18.817	9.509	-17.377	-12.863	-15.699	6.237	19.477	19.657	13.231	-7.095	-10.925	18.709	-11.198	-15.046	8.823	7.542	-8.317	7.799	9.278	2.515	-2.394	15.070	-17.638	-11.985	2.930	-7.194	-4.281	6.274	-5.956	15.977	-11.150	-7.139	5.486	-8.527	-0.002	9.787	17.710	-0.525	9.444	10.940	12.380	18.518	9.649	-18.818	-16.528	-1.527	8.724	-4.846	-13.728	-1.998	17.669	3.878	-6.928	-19.969	11.893	16.003	-7.163	-12.388	2.276	6.881	-16.410	11.126	19.742	9.076	-17.401	-0.260	-1.137	-19.691	19.215	-11.693	11.249	11.595	-13.175	0.898	12.777	-9.703	19.371	1.501	5.451	-14.357	19.504	3.120	9.521	-7.424	3.151	1.414	-11.422	15.987	9.027	10.855	2.868	12.616	1.981	2.610	1.692	4.580	
-17.650	-19.445	4.888	-18.435	-11.138	-3.863	13.161	-4.313	17.035	5.938	5.984	16.406	-12.561	-8.565	-17.952	-13.057	14.556	11.569	-0.481	-2.293	-7.016	8.097	-6.306	-17.990	-1.048	16.562	14.626	-19.067	-0.827	-3.682	5.513	1.523	-3.126	-9.599	3.088	5.736	6.538	-3.751	-18.577	3.574	-17.813	7.407	-0.021	-10.374	18.842	2.028	-3.430	13.398	-6.403	16.089	-8.895	6.580	4.186	4.799	8.591	-16.862	1.361	3.217	-15.929	-19.466	19.535	9.584	2.057	-3.591	19.985	-14.855	-17.855	6.524	1.394	-16.433	-9.903	3.581	10.974	10.076	13.207	9.817	-7.896	-10.223	3.215	5.701	-14.134	14.319	-7.719	10.052	-0.882	-19.128	13.190	-19.521	4.089	17.261	-18.988	3.624	6.845	3.069	-19.967	6.831	8.214	-17.823	-6.646	-10.392	
-14.255	3.451	13.189	16.719	-6.472	6.396	6.536	5.632	16.173	-10.250	-8.667	-17.961	-15.931	3.614	12.090	3.187	4.486	5.281	3.666	-11.425	2.542	4.678	12.199	-10.613	-12.253	12.232	16.218	15.961	14.409	-10.428	-14.431	-19.846	13.024	18.758	16.873	-13.448	5.154	3.409	12.184	1.327	13.160	-16.483	3.365	17.229	7.131	-4.544	0.416	-8.383	-19.264	-15.918	0.192	3.278	8.760	-7.609	12.666	16.507	-15.377	8.884	12.468	19.032	18.456	18.037	19.187	11.480	16.795	16.060	18.032	1.948	-0.531	10.216	-16.725	-7.371	13.732	6.640	-10.142	0.863	-17.904	10.274	12.480	-17.168	14.356	-7.328	6.111	3.116	5.063	-1.223	-0.377	9.686	-12.340	-7.908	8.718	-13.883	-9.871	7.905	17.597	-13.076	3.965	15.629	8.872	-16.566	
5.845	12.147	-3.937	-0.423	-1.213	5.921	-19.560	0.883	-3.805	12.921	3.715	-9.450	-14.407	-10.174	13.666	10.655	8.603	-6.710	0.341	16.263	5.381	-10.941	-17.620	15.510	16.964	19.976	-17.567	0.929	15.605	11.305	4.363	1.450	3.452	-19.574	-18.973	-17.761	6.346	-18.533	3.122	-17.459	14.387	-13.163	-6.909	19.980	-3.336	-13.242	10.635	-14.734	0.047	-9.023	-18.471	-14.572	0.036	-16.091	-19.062	-3.000	-16.115	-16.628	17.928	19.491	14.677	2.291	0.940	-1.871	2.717	1.967	0.368	-10.937	3.434	-16.510	-8.396	-2.179	-9.672	4.695	-2.199	6.991	11.453	-11.563	12.258	-8.500	-0.587	13.787	-3.072	19.449	17.696	-2.134	-3.551	-18.419	1.238	-5.622	-18.929	-4.085	16.669	2.012	14.044	-0.614	-16.021	-5.588	8.449	7.412	
-2.097	-19.947	-14.766	8.230	4.748	3.035	-4.778	-3.798	11.472	-12.521	7.702	-9.115	-18.734	-15.370	-9.665	18.961	2.497	6.784	-19.458	-16.265	-18.838	-18.386	-0.350	17.830	3.625	-6.306	-2.784	7.604	8.106	-14.335	-4.984	-13.992	-14.282	0.250	14.239	10.466	-16.715	-10.540	-13.332	14.757	-3.060	14.370	-14.358	-1.794	19.000	-4.023	-2.833	1.496	-17.239	-2.290	5.231	-16.078	-0.677	-15.119	-18.247	-17.051	-1.426	-1.031	10.552	-13.320	4.634	-14.431	-7.312	10.352	5.819	-13.073	0.818	9.103	-3.613	7.486	3.860	13.327	1.856	9.502	-8.467	0.855	-14.521	8.700	-17.648	-11.760	-13.590	7.583	-7.838	5.733	12.463	-6.085	8.682	-8.963	12.883	-0.766	-2.283	-2.483	4.803	10.405	-12.131	-9.378	17.332	8.687	19.725	-6.280	
-3.827	3.585	-12.953	18.029	-6.913	-1.420	-1.116	-1.434	-12.719	1.236	6.806	-6.310	-11.182	18.968	19.424	-18.718	-7.117	8.106	-7.681	-14.234	-12.660	10.036	3.283	12.143	0.442	11.152	-17.235	-2.226	-0.161	-17.510	11.494	16.012	6.075	18.541	14.040	19.162	-2.879	-7.076	-2.272	4.402	14.160	-15.465	18.092	-17.022	-16.497	17.516	-15.740	-3.615	5.622	-3.421	2.152	12.962	-13.385	-14.565	5.105	7.056	16.587	7.869	-15.170	-3.574	10.359	16.324	-7.562	-3.567	14.865	-13.522	-4.404	-8.013	-0.598	13.324	16.388	-6.438	17.858	14.481	-3.459	-18.639	11.997	0.800	-2.254	-2.382	17.379	19.898	-9.420	-16.006	-14.667	15.685	11.050	-18.080	3.554	15.880	-1.654	-6.087	12.205	10.784	10.346	7.070	17.262	-14.058	19.056	-3.336	
19.265	15.445	10.227	17.124	9.925	-13.233	18.485	1.922	7.568	-3.769	19.540	4.947	-3.871	-9.880	8.941	1.463	-14.195	-0.009	3.383	9.359	-4.129	-18.271	-16.729	-11.924	12.513	13.617	15.146	9.775	19.559	14.202	-13.561	18.824	9.647	16.666	15.948	-0.428	-16.567	14.433	-18.506	11.001	-9.335	-18.966	-4.052	6.794	-8.846	-15.111	-11.743	-3.041	4.880	11.640	-13.682	-19.249	13.368	-10.411	-11.173	5.881	-16.793	-16.027	-4.344	-17.234	18.175	2.095	-18.410	7.821	-1.239	17.538	-12.607	2.195	11.972	-11.113	-6.804	-17.364	-10.079	9.144	9.431	1.076	14.032	17.688	18.035	-1.088	9.327	-15.647	-0.337	2.696	-6.058	8.490	-11.423	-2.851	12.462	4.233	-0.086	10.637	-13.671	1.504	-1.542	5.090	-0.958	5.852	-12.715	-8.986	
14.739	0.480	-6.350	-15.340	-10.376	-16.919	5.736	-16.344	-19.231	3.771	2.568	10.096	8.124	-17.769	-7.209	-17.934	10.721	1.368	-0.785	3.183	-14.399	19.129	-6.180	-8.070	0.633	12.279	17.020	19.676	-1.870	-15.695	-9.310	-7.131	4.785	4.340	-2.470	14.409	7.422	-16.734	18.065	8.190	7.037	0.633	-1.714	-4.840	2.864	11.077	-2.774	-6.416	-7.554	16.441	16.767	-1.953	15.570	-9.413	9.977	-3.796	-17.134	6.997	-4.120	0.996	11.301	6.570	13.865	-3.914	-9.090	-8.605	-9.505	18.332	-5.339	-11.440	6.522	-18.303	9.192	-15.192	-3.142	-7.944	15.885	14.084	5.640	-11.669	10.525	2.407	6.378	6.096	12.994	-3.645	-17.700	15.860	-16.648	-1.820	-3.144	14.653	-15.251	-9.279	-9.261	-4.340	2.116	1.234	-6.009	16.777	
9.794	-19.487	18.474	-1.014	-14.679	-4.669	11.042	-18.793	-10.584	-3.318	-10.462	19.941	19.089	15.916	6.037	12.083	-7.729	8.337	7.943	-4.377	-13.484	-15.201	-9.724	-8.734	-4.481	1.015	6.925	17.635	-17.751	-19.083	14.412	12.043	-18.570	12.886	-8.971	-13.249	-11.783	-17.929	-12.042	-2.367	-1.247	-2.504	-2.426	-2.158	-6.589	-16.390	-10.075	5.682	11.947	17.868	-18.695	18.464	-17.334	-8.419	-10.270	-1.814	12.596	16.655	-4.179	14.845	17.572	-9.767	6.887	19.002	-16.881	17.916	-14.247	-8.664	19.986	-6.289	8.968	-1.261	11.206	-13.458	16.581	-15.382	-9.848	-13.494	10.300	-17.900	-15.626	11.605	-19.437	-12.960	-16.814	-9.707	5.226	15.781	-13.052	-18.953	10.626	-15.480	-8.719	-2.487	-16.478	-5.601	-4.571	-10.726	5.735	-4.585	
2.985	-5.297	14.154	-5.809	1.245	10.735	-1.192	11.397	17.241	-10.892	13.497	-18.385	-19.287	14.060	-11.345	-16.101	-15.647	13.881	19.680	-8.699	14.929	10.306	-4.179	-13.791	-12.181	-0.657	0.609	3.248	8.617	-13.656	18.663	-8.398	1.047	12.817	5.792	-17.708	3.552	-15.399	13.689	0.793	-6.291	7.186	2.408	-5.577	1.246	11.063	-1.678	5.599	4.944	-1.998	16.900	-0.127	-11.692	-7.279	6.082	-3.872	12.064	-13.309	19.375	0.681	-6.966	18.038	12.283	14.081	10.855	-1.925	16.373	-5.592	2.676	10.062	15.201	16.386	-2.752	-2.391	-9.192	18.494	-11.328	9.130	4.093	13.616	-12.867	0.993	-6.512	-4.559	13.714	19.570	11.569	5.778	-13.739	10.944	-13.541	-0.705	8.982	18.742	-6.623	-0.162	-3.183	-10.250	14.246	19.493	
19.812	9.446	15.879	-2.940	-12.945	-13.313	-4.446	-4.273	15.817	19.646	-10.658	-17.050	0.639	2.831	-1.609	-5.647	2.401	-10.040	-19.869	8.662	-19.096	-13.409	-12.043	9.886	-14.667	1.334	-10.276	2.150	11.084	-16.030	1.643	10.896	13.416	-2.478	-12.045	-19.528	4.209	3.509	-3.802	0.026	3.155	5.541	2.976	-16.206	-11.629	-18.633	-1.853	10.772	-8.673	-1.722	-0.566	-7.769	4.869	7.391	-17.883	10.201	-11.275	-8.159	-7.649	19.809	-4.189	13.994	10.705	-10.772	-8.484	18.660	-10.301	15.725	2.169	5.897	-4.249	-14.676	-8.562	18.727	-10.882	-0.191	-19.905	7.265	-9.419	-8.578	-14.457	10.015	3.652	10.412	-2.594	5.770	0.613	6.131	17.611	12.964	5.940	-6.578	6.958	-3.355	2.650	18.474	-4.695	12.349	14.199	17.474	
-1.754	-10.050	-17.202	9.684	-11.323	-8.084	-10.507	-11.228	19.181	0.074	0.194	-15.275	-9.911	-16.154	15.137	7.495	9.616	-4.250	-6.373	7.227	-11.286	19.567	-19.351	15.673	-3.788	3.298	14.147	11.517	-4.353	8.346	8.991	13.893	18.296	11.790	3.577	-13.027	-16.294	13.070	-4.255	-17.112	-6.856	15.939	-12.388	3.233	19.785	-17.251	-9.272	9.401	-1.501	4.354	-3.372	7.213	3.921	-2.723	2.886	-19.867	-19.425	-2.967	11.650	-3.778	-14.621	0.642	-9.885	-16.325	-7.568	13.692	-9.352	-3.862	6.762	6.393	-0.974	19.906	2.332	6.638	3.139	2.118	9.387	13.867	-8.481	-12.114	-1.779	8.147	15.100	-17.858	-14.577	-2.014	-17.725	-14.001	15.019	13.926	2.221	-19.602	-5.432	12.336	-15.928	6.999	6.029	-5.280	-16.863	-7.209	
-18.887	2.163	-7.303	3.445	-11.199	15.836	-14.437	18.188	9.703	-2.918	-13.925	-12.077	-14.771	-18.825	-9.935	-9.348	-0.839	-7.659	-3.349	-5.820	-13.734	18.871	-5.422	0.834	11.207	-1.350	-12.167	-2.764	13.370	-9.030	10.027	14.484	13.133	-17.276	-2.071	-18.066	18.560	3.492	-19.878	8.263	-19.426	-13.803	16.186	-14.197	-12.629	-13.748	-3.545	6.532	-1.408	13.105	-19.288	4.859	11.977	-4.711	-14.307	3.184	13.939	-6.474	-19.580	7.310	4.497	10.447	1.793	-2.370	13.172	19.723	-0.436	11.732	3.215	-0.314	-0.005	3.789	5.882	-3.818	9.591	13.254	2.433	-13.954	-0.215	-18.974	19.151	0.497	5.885	11.128	15.786	11.577	-5.688	9.725	-14.896	-5.268	-2.965	9.600	-14.821	18.828	-12.770	18.351	18.551	6.793	10.083	1.766	
-13.521	-9.922	-14.446	12.361	6.260	15.146	5.615	-11.307	-18.808	-14.600	-10.281	-19.657	5.897	15.603	11.471	1.683	7.181	-14.218	-8.591	12.285	0.514	8.444	1.885	5.694	7.272	9.115	4.045	5.823	-4.092	-5.872	-12.411	2.387	4.206	-6.857	-5.252	-9.534	-11.711	-19.637	-0.841	-10.520	-14.237	8.878	-10.177	11.661	4.482	-18.706	-6.656	-8.337	-12.924	4.752	-16.053	7.591	-6.804	5.832	-6.716	-19.532	-5.053	17.329	6.291	10.854	-8.543	13.879	-6.759	15.663	-12.978	7.990	-13.871	-4.689	8.353	5.289	4.791	14.116	-5.833	14.614	5.777	18.649	15.908	19.120	-9.688	-17.015	3.872	-5.741	10.576	17.068	-19.909	-16.140	17.536	-4.963	-18.811	3.827	-14.108	-7.355	-2.294	-0.867	-11.692	4.728	-12.877	-5.563	-19.962	15.475	
19.726	4.829	9.591	-6.107	-0.556	-4.632	-7.458	-4.648	-5.512	2.853	-1.663	18.361	17.112	-11.087	15.429	17.203	-7.228	12.965	-7.760	-6.039	-3.209	-1.868	6.606	14.497	17.266	14.915	-0.775	-15.612	-10.648	-0.737	19.864	-10.922	-15.908	9.455	2.970	3.536	-15.177	15.512	18.888	-0.689	-1.635	-2.775	-2.328	-4.523	6.138	-6.899	-7.320	18.910	-13.934	4.920	-7.129	2.857	-16.947	19.478	-2.646	-19.682	14.392	16.579	-15.293	-16.256	-4.158	-15.429	-7.179	-0.066	14.026	15.792	-16.530	18.849	11.304	-17.642	-1.840	-10.331	-0.416	15.833	5.146	-14.279	-11.066	17.826	-15.368	-5.001	2.747	-2.497	17.857	5.799	-3.020	-4.789	6.118	-8.628	-8.210	10.824	-4.884	7.632	15.395	7.938	-12.434	9.421	3.730	-8.964	8.270	-4.967	
-6.606	-13.570	4.703	12.978	-17.737	-10.151	18.699	-8.803	-12.325	-16.669	6.196	10.421	0.833	4.053	-3.779	17.814	19.264	-17.662	-10.814	-8.946	13.163	4.302	18.685	8.558	-7.760	-13.749	-2.021	15.970	-2.713	-13.751	-8.997	10.681	-7.321	15.706	3.659	-5.058	-14.446	2.358	6.139	-6.771	5.689	-7.665	-16.349	-13.478	16.388	-0.129	-15.664	15.651	2.210	-6.478	-13.295	-4.627	17.824	-14.609	-16.069	-9.936	-8.358	1.909	-13.966	8.929	8.158	-2.963	-0.390	-19.162	-7.257	-16.731	-4.220	-1.703	5.628	-18.081	11.526	-8.684	-5.746	15.176	-2.161	-9.358	-4.952	2.175	-13.707	17.257	15.697	-7.002	-7.370	13.521	-1.611	-3.439	-16.414	10.031	18.470	-10.380	-1.040	6.629	6.656	18.570	7.466	19.399	-18.160	-16.753	-2.304	7.467	
-14.834	-10.778	18.784	-0.580	-15.602	-3.378	10.062	-0.554	18.797	16.355	-3.297	14.494	-10.646	9.334	8.015	7.743	-14.106	11.601	-2.226	-15.636	-18.780	16.734	10.993	7.877	15.304	-1.541	7.276	17.143	1.706	-15.028	4.611	6.872	-5.807	3.394	-13.708	-1.408	-19.984	16.354	18.037	18.813	12.710	-5.259	13.307	-17.936	-15.926	1.322	9.807	-10.031	-7.077	-12.420	-5.667	-5.857	-15.686	-14.674	-17.980	19.618	3.786	9.296	16.761	-14.508	14.267	1.372	12.364	-11.539	-15.234	18.656	7.052	-15.218	15.010	5.090	-16.404	7.720	19.831	16.903	9.784	-16.095	-1.774	-0.409	-6.126	11.149	7.171	8.207	-14.708	11.485	13.533	-12.688	11.103	-2.681	16.608	7.864	2.810	10.876	-10.764	-4.826	19.336	-5.998	-6.170	6.389	-1.216	-11.159	
-8.521	2.380	16.561	-8.691	-0.717	6.345	-4.785	17.509	-14.065	9.088	8.657	13.106	-2.705	13.950	4.591	-9.172	-18.738	-4.306	8.147	17.870	-16.442	-9.043	8.745	-7.206	6.131	8.082	6.796	19.961	-5.530	-14.420	-11.198	5.949	7.959	-14.637	17.258	-12.758	11.708	-7.527	-15.249	17.643	-18.439	13.408	10.749	-1.143	7.358	-4.660	9.685	8.620	11.035	-2.168	6.490	14.593	8.789	-4.765	-12.614	-5.080	-16.683	14.182	-5.119	-2.213	19.761	3.683	-16.264	7.721	9.046	-19.005	14.963	0.754	-6.532	19.714	-1.603	-4.971	13.122	-10.854	13.886	0.480	4.486	3.570	-10.901	-4.479	-18.598	15.589	-9.887	10.191	-9.176	-2.500	-14.889	-5.859	-8.318	-0.008	11.928	-8.557	-16.324	15.664	19.164	12.722	16.659	14.127	-6.525	-9.873	
13.840	11.872	5.156	6.962	-18.983	-0.959	-12.558	5.504	-17.388	-3.459	-18.976	-15.986	-7.870	-8.862	14.205	2.954	8.638	19.316	17.095	-19.681	-0.692	9.023	-8.238	2.984	4.687	-9.074	-4.295	1.346	-14.947	9.181	11.473	18.893	1.052	-3.372	5.855	2.070	15.669	13.297	-12.426	18.281	-10.161	-11.402	-17.705	1.969	-0.264	16.500	-15.077	-11.626	15.815	-17.982	-11.307	-4.876	11.040	0.455	18.107	-4.273	11.381	-6.187	17.073	16.434	-17.006	8.546	15.327	4.046	-14.826	1.182	-13.884	-19.157	-5.520	-6.311	19.124	4.319	2.288	-18.581	-13.713	-17.976	17.919	-8.790	-9.603	13.734	-6.772	-0.910	-11.142	-15.732	19.545	-13.035	-0.005	10.926	0.778	-2.932	7.360	3.772	-14.386	2.686	-12.182	-9.212	-16.131	-6.066	-8.369	-1.652	
7.623	-9.244	-17.333	-10.089	-7.825	-11.046	-8.066	-9.906	0.165	2.331	-16.172	13.393	-18.579	-7.314	17.661	-19.034	-0.349	-2.344	11.892	-19.570	14.725	-0.749	4.201	-19.661	-18.062	12.019	-8.873	-14.194	-14.047	2.758	4.155	13.576	13.513	6.822	-16.514	-14.312	15.776	-4.580	-4.218	-4.059	17.752	-0.390	-10.666	19.173	12.296	-13.005	-19.861	-8.052	4.651	12.030	-7.623	-0.624	-8.719	16.579	-0.285	-6.781	8.598	10.841	-0.975	14.550	-6.401	-16.820	8.126	-12.888	10.002	11.612	-7.200	5.777	-12.968	8.583	-18.282	-15.216	-11.807	-8.948	-16.044	-19.511	-1.954	-15.905	-7.563	-17.303	16.125	4.814	2.073	-12.593	1.393	-18.212	0.626	-10.010	12.629	19.651	-15.459	-13.773	-17.169	12.666	-6.660	12.832	4.278	6.140	-1.390	11.310	
-5.277	0.328	16.094	2.915	11.380	-19.950	3.405	-10.574	-15.855	15.842	-7.877	-19.729	0.656	14.196	-12.323	-17.951	15.984	8.303	-7.961	8.613	7.954	-3.420	14.840	10.785	-10.754	-11.820	3.617	13.524	14.320	-17.773	4.834	-10.958	2.555	0.928	11.958	-6.065	0.978	-4.638	3.361	5.124	-8.796	15.485	5.394	11.860	9.681	13.071	13.908	5.665	1.374	-14.052	-5.722	-10.672	2.527	-10.882	-19.887	11.773	-2.702	3.730	5.297	-8.383	5.957	-9.869	0.660	-11.488	11.059	-7.382	2.448	-7.963	7.980	-14.191	17.161	19.184	-18.706	2.555	11.044	10.975	-4.374	4.952	-3.360	17.000	10.900	10.917	-13.672	-6.573	-19.965	-13.559	-14.799	-2.667	10.171	10.498	8.950	-3.872	-19.371	-10.390	4.640	11.688	2.228	-12.912	-16.274	-9.792	
-7.104	-19.114	-10.608	-5.810	3.441	-19.564	-14.836	19.068	5.389	1.804	16.068	-3.711	-7.279	-17.604	9.716	-7.243	-11.163	14.917	10.089	19.007	5.415	-0.960	-4.865	6.044	8.650	19.775	-2.268	-9.122	-13.137	1.457	1.086	-0.241	2.344	10.478	13.949	-14.215	10.915	19.113	-15.147	-3.696	0.917	-19.079	12.593	13.639	-16.683	2.309	-13.605	-7.846	-2.774	16.485	-8.839	-17.360	-4.476	6.296	8.684	-15.826	6.071	-13.584	-4.948	12.934	7.873	16.137	-7.307	-9.783	6.616	-13.358	-3.998	-2.470	-14.245	0.855	13.834	6.673	1.775	6.427	0.311	5.092	-11.264	6.707	17.246	5.961	3.192	-11.593	8.602	18.716	14.703	-2.714	-17.110	0.774	3.702	-2.058	-6.292	-8.425	-5.921	6.401	1.792	-19.305	13.043	17.793	-1.775	18.798	
-1.352	-7.941	5.470	-19.577	18.486	-14.218	5.515	-12.778	12.489	2.761	13.183	-4.320	11.168	1.785	-5.604	5.870	19.071	-2.714	-13.356	2.773	15.228	0.352	14.347	-10.693	-13.247	-3.861	-9.998	19.796	-6.068	8.227	18.594	12.580	-19.713	4.064	13.004	18.773	9.846	-1.481	-14.005	2.335	-18.720	19.178	18.015	12.448	0.963	-7.589	-1.682	0.034	9.698	4.963	-17.194	4.926	-14.685	17.154	14.233	-7.932	-6.707	-15.765	-8.136	7.225	12.463	-9.542	-0.195	12.749	14.522	-7.191	11.523	4.367	11.328	17.518	-13.298	12.609	16.696	-15.283	5.057	-2.341	-2.872	-16.625	17.693	-13.174	8.338	-19.501	11.752	13.653	17.653	5.985	-14.279	-9.054	10.220	-2.415	18.170	2.682	8.043	-2.024	-4.568	2.564	10.785	-13.046	-13.068	2.113	
-15.528	-6.366	-5.279	-18.832	-1.649	19.778	-1.173	15.479	-16.847	-3.481	-17.695	11.491	-2.981	14.057	5.143	-5.328	0.041	10.864	5.617	-9.739	-11.550	3.787	12.943	16.492	-18.237	-11.625	-0.943	12.548	-4.670	5.989	-5.340	-0.198	19.623	9.382	0.970	-2.026	9.160	19.796	-6.547	12.313	-3.684	-4.242	3.803	13.334	-10.186	-11.053	-11.994	9.856	19.811	13.623	-19.883	-11.739	-2.590	13.061	-15.247	-0.827	-18.564	3.810	-8.279	-3.234	-10.201	6.381	16.567	-10.579	-4.237	-2.463	7.395	-15.077	-2.667	-19.152	17.236	13.649	-3.395	1.039	6.983	6.420	9.986	14.989	-3.724	9.797	8.611	-3.607	18.057	-13.979	-10.547	-17.190	5.194	-9.111	6.620	16.915	7.655	16.418	3.296	4.222	-14.160	19.059	-18.241	13.235	-16.018	-0.908	
14.082	-18.782	-7.259	-9.312	2.257	19.724	17.108	-7.757	14.713	-6.616	-17.961	3.324	9.776	-19.904	9.345	19.230	-17.094	-5.460	-9.881	9.526	-8.545	17.773	5.945	14.751	1.996	11.784	13.810	3.755	5.019	17.792	-17.153	-0.899	19.010	-4.412	9.789	1.267	-4.688	6.897	13.510	-9.975	-19.719	15.549	13.349	10.057	15.645	2.694	9.287	18.552	17.234	19.405	8.078	-11.311	17.179	-5.977	-16.560	-0.826	-14.193	17.250	-17.071	10.826	15.043	-14.224	-10.073	14.053	1.364	19.716	-4.680	16.676	6.613	-11.170	-13.299	6.894	-15.621	-19.950	-3.049	-19.975	2.745	-13.763	18.577	-0.021	-14.357	6.655	8.668	-17.179	-19.323	12.108	1.996	-13.516	9.359	4.925	17.310	4.402	10.701	-12.762	-1.545	-7.935	-13.046	13.775	-11.259	13.568	
-17.395	-4.558	0.462	-13.016	-4.507	17.413	-12.991	18.237	-16.350	-14.414	-1.784	-10.707	12.240	-13.115	-7.886	12.918	18.993	14.110	19.402	8.352	-0.965	16.713	-7.246	-10.265	-16.050	11.209	1.800	-9.096	4.984	10.541	-15.528	7.589	-14.016	4.934	14.573	1.476	2.346	-18.418	-0.286	5.996	-12.832	17.930	15.289	19.408	-15.185	-12.597	12.326	-16.192	-18.487	11.728	12.160	0.548	8.441	-15.086	10.283	12.391	16.122	-7.916	-16.704	1.106	-17.375	-12.232	-11.305	-11.391	12.701	-16.732	10.085	-4.952	-15.150	-10.201	-18.956	-7.982	-12.271	16.333	-8.574	-7.456	-16.264	-16.248	-3.649	-14.750	15.480	-11.488	5.798	3.920	-6.575	-3.919	-3.688	-10.452	8.165	-0.393	10.654	10.790	7.375	19.349	19.398	0.076	-17.383	9.483	15.124	-12.533	
19.282	16.168	-0.515	-12.990	12.501	10.911	-0.446	16.238	14.662	15.905	-18.513	10.142	-15.583	7.285	-5.937	-2.158	-16.634	10.374	7.390	11.531	-10.019	-1.956	2.321	17.356	-2.607	1.719	-2.568	0.010	-8.798	-7.444	7.477	-9.517	-11.276	-13.038	-2.506	-18.775	17.873	17.047	17.463	12.535	12.953	18.950	2.677	17.369	6.235	16.740	-4.788	9.602	7.114	-17.398	1.133	17.095	0.646	-16.547	14.451	18.038	5.172	-8.117	-1.952	16.374	4.439	-14.475	-13.142	13.162	-7.513	4.351	14.387	-9.640	1.399	11.850	-17.105	-5.649	10.800	5.573	-8.279	-2.965	2.312	6.932	-13.363	-10.574	9.534	7.770	-13.479	-9.821	11.223	-19.028	-11.782	-3.605	-7.146	6.266	-7.231	17.293	11.791	-0.373	10.455	-15.721	-16.022	4.843	-5.361	5.377	
-3.307	-2.466	19.728	-12.507	-16.893	-8.551	4.528	5.419	18.381	11.165	14.845	7.915	-1.066	-18.634	18.094	-9.843	-17.662	-13.688	6.553	-4.808	12.578	19.322	-7.515	4.370	-1.051	-17.060	8.648	2.927	7.783	-16.713	-11.696	-15.525	0.821	-11.968	-8.032	3.928	-0.519	16.496	-10.653	-2.138	7.661	-15.808	-14.224	-13.405	-14.442	-16.129	-3.247	-12.105	-9.817	-16.695	3.087	-17.239	-17.373	15.572	7.130	1.576	18.512	-4.221	-15.497	6.295	-0.934	-7.193	10.770	19.887	0.839	-17.262	3.815	-19.680	19.234	13.162	-1.818	6.895	17.353	3.958	13.490	-17.089	7.829	-9.757	-9.194	18.011	-6.451	13.893	-19.228	-3.824	9.465	7.902	17.752	7.977	-16.319	-17.744	-5.728	2.747	-4.937	-14.958	2.634	15.902	-12.220	-13.551	16.222	-12.986	
19.610	-5.597	13.909	16.963	18.361	7.399	19.874	6.190	17.642	-9.320	4.201	-8.809	-15.426	4.974	7.367	14.039	-7.124	5.120	2.017	-3.443	7.375	16.288	19.304	-17.562	-18.670	1.938	18.340	-10.890	8.387	14.562	-3.876	7.997	-11.035	-9.968	4.960	-12.673	17.432	4.835	13.517	15.074	15.515	-2.282	-13.735	-19.911	-17.308	13.632	14.128	-4.432	-1.248	-3.855	12.125	-13.873	-7.567	11.429	-11.434	-6.237	-6.633	-13.094	2.874	-18.246	-18.532	18.997	9.751	-9.567	-10.970	-5.289	-2.240	-13.539	19.546	-8.723	-18.465	15.061	8.995	-12.200	15.150	11.687	-18.567	9.278	-12.745	0.185	-14.577	19.379	6.312	-2.144	10.808	14.877	11.619	-15.824	-18.217	-5.507	-14.071	-16.749	-6.510	15.680	-6.316	2.520	-9.609	11.444	8.981	-10.063	
-17.279	10.516	-15.002	11.716	18.317	-19.852	3.403	19.749	9.426	10.657	-0.066	14.848	10.037	-13.754	-7.296	0.845	-18.877	-15.677	5.021	-17.093	-1.184	10.950	-13.842	12.306	6.630	-0.158	-5.174	17.021	-8.714	-16.193	-13.042	-5.992	14.324	-8.044	-14.276	12.640	-7.896	9.127	12.390	-18.470	-0.216	-7.676	16.378	-10.179	-1.430	-10.918	10.667	-0.307	-6.594	-4.312	2.600	12.222	-13.362	8.757	4.528	13.268	-11.401	19.354	10.289	-0.114	-16.839	17.247	13.893	17.484	-10.797	19.617	10.125	1.307	8.744	2.514	2.837	-11.472	14.838	-0.784	-1.651	-6.592	8.298	-10.984	13.101	-18.296	4.703	-4.300	13.925	11.341	-15.543	-1.547	4.609	-6.943	-2.193	-5.102	12.942	0.967	-7.855	6.836	-1.548	1.349	6.453	-11.424	-17.344	-4.803	
11.091	5.494	3.725	5.929	-15.291	-17.926	19.337	13.007	-8.910	12.437	14.711	15.793	-11.863	8.636	7.134	-7.405	-12.911	-8.257	5.652	4.896	6.642	-1.406	-14.137	18.787	-14.570	4.314	0.136	11.882	12.891	2.792	-12.921	3.981	-11.714	10.804	-10.090	-7.005	12.878	-10.753	-13.998	-16.033	-18.316	-19.287	19.761	-10.179	9.349	6.895	2.416	16.438	18.638	-11.932	1.334	5.280	6.662	7.196	4.067	12.092	-8.489	-15.797	3.974	-15.599	6.995	11.053	8.383	15.281	1.856	18.293	-11.724	-5.266	-12.461	-5.722	-1.299	-10.777	-5.009	-1.538	-0.955	-15.661	-14.643	-18.539	-19.223	-16.005	-10.471	2.111	9.275	16.191	-10.693	-6.659	8.282	0.818	-2.456	-7.744	5.220	-15.461	-16.691	-6.398	19.820	5.165	-8.105	-11.905	19.899	-0.566	
2.373	-1.400	8.658	17.364	17.062	-12.298	-18.297	-17.581	-10.837	-17.520	-13.586	-1.308	4.591	15.688	-5.117	13.899	-10.971	-16.835	-5.283	6.573	-4.579	19.936	11.112	-1.270	-6.461	10.932	-16.105	5.434	19.027	-16.206	-15.132	1.400	2.395	13.526	-1.236	-0.543	-18.772	0.467	1.875	-9.609	2.947	8.289	9.083	-12.461	3.977	-16.034	-18.563	13.006	-12.869	-3.846	-0.420	2.552	-3.909	-9.308	-18.718	9.629	-18.376	-14.823	-4.937	-19.349	-11.029	-0.069	2.051	11.366	-6.543	-19.185	-9.177	-5.315	1.282	12.698	5.077	-15.771	0.987	-5.840	-8.232	-15.036	-1.874	-6.795	17.971	5.257	9.359	-2.450	-12.191	-14.550	8.243	-10.909	15.079	9.866	-5.732	-9.857	10.518	3.239	10.074	-7.431	-5.394	-16.469	-6.616	5.428	-1.783	14.666	
-1.873	-16.707	18.896	19.114	-2.547	-9.336	-15.922	15.579	3.869	-17.952	0.836	-6.771	-0.401	8.645	-1.321	-12.159	17.736	-6.242	17.708	-7.996	3.901	8.226	15.243	-6.025	-19.206	-10.151	-2.494	-5.821	15.277	15.722	-11.155	-6.597	19.015	-12.259	-7.483	-3.531	-1.595	-3.405	-7.952	-17.726	-1.357	12.884	-4.497	18.242	1.529	14.182	-13.916	-0.735	-12.060	-16.208	11.268	11.841	12.017	6.511	-14.185	12.811	16.360	3.321	-13.010	11.637	-0.957	-4.165	-14.960	-1.942	3.576	-2.442	14.527	-18.019	14.153	-13.425	-15.744	-7.204	19.458	-0.241	-8.962	0.987	-6.059	-2.878	-19.748	1.881	0.913	11.520	-6.279	-7.070	-1.969	-0.464	-14.258	-5.609	-17.143	-7.268	-13.972	1.900	8.567	-8.931	19.958	-7.856	8.626	14.485	-5.875	2.779	
-18.940	-1.619	15.575	-19.481	18.139	-13.387	1.506	-7.920	3.735	1.757	13.960	-15.352	-6.723	-12.318	-2.422	11.309	7.218	3.320	-14.300	10.075	16.052	-8.272	-8.025	4.619	2.797	-8.066	16.762	-8.576	-13.581	-9.113	14.202	-12.521	9.268	9.777	-12.002	7.407	16.390	9.504	19.487	0.125	-8.739	13.447	4.772	4.538	-18.871	-17.650	-4.153	8.347	5.670	1.547	-1.578	1.722	13.276	10.397	-13.660	-3.927	-17.669	-16.897	7.497	-11.250	-6.010	1.699	-3.770	-16.742	-8.524	4.227	10.665	-12.134	-6.269	10.152	7.991	4.992	3.599	-7.237	-10.470	4.728	-4.886	5.378	-6.925	-19.217	-13.075	11.497	2.505	-19.799	1.895	8.845	-3.726	4.226	11.948	-16.229	12.976	-14.062	5.470	-10.794	-10.804	16.946	13.433	19.860	-15.187	-12.836	
10.012	12.804	12.155	-6.389	-14.433	-18.314	18.339	0.680	7.063	-8.586	1.464	13.988	-17.089	-16.031	14.189	4.805	12.814	-9.537	-10.969	4.762	-5.766	-17.993	10.700	19.704	-8.787	19.896	16.650	-15.355	19.756	-18.537	-8.191	9.768	14.267	-16.035	-16.621	19.834	-14.350	-18.282	0.514	12.714	-6.869	-18.022	6.702	-3.958	-14.053	0.891	-19.153	18.761	11.354	-10.122	3.523	-14.412	-8.115	-5.777	-14.708	3.098	-5.881	-18.058	7.743	-6.124	-16.595	19.553	-16.356	17.672	-16.483	-12.977	17.506	-10.832	-11.260	-1.981	-18.119	1.871	-0.003	8.583	17.913	5.944	-10.526	18.761	4.705	-19.172	-11.361	-11.772	-13.584	0.525	2.451	-8.292	-16.377	16.571	-6.350	11.366	-9.554	-2.944	10.919	-5.910	-5.272	14.436	1.113	-7.767	-16.396	9.853	
10.253	-14.515	-8.276	-9.750	14.068	-10.362	16.194	-16.458	-11.602	0.899	-15.631	-2.963	9.126	-9.215	17.562	-8.422	2.493	-18.816	-11.851	16.143	12.550	-1.405	-6.801	3.469	12.685	7.927	-2.095	-6.202	-19.840	1.509	-16.349	10.413	6.993	-4.625	-19.338	1.061	5.013	16.856	4.602	13.411	-2.245	8.972	-9.552	-13.119	19.757	-11.990	-1.541	2.250	-10.806	6.608	-1.606	-18.255	-14.797	11.593	5.214	17.888	-0.481	-16.881	-8.314	-0.321	4.627	-4.663	-9.909	-8.379	10.712	-9.246	12.681	-4.275	-12.390	-2.716	-10.865	5.365	-13.744	-0.417	12.246	-13.987	7.593	-9.295	8.263	16.787	17.313	-13.343	18.532	-17.484	18.249	3.746	-19.596	-2.232	6.864	-7.910	17.447	-8.508	7.427	-12.461	3.112	-1.861	-1.707	-4.206	13.863	5.903	
13.078	-17.001	-8.733	19.333	2.582	-16.487	-14.654	-9.825	-5.782	13.609	-13.037	-8.469	-19.734	-14.505	-5.953	18.515	9.240	-5.550	-3.717	-3.895	6.540	-6.269	7.596	-6.033	1.269	-9.292	12.106	19.562	6.502	5.970	5.465	-0.420	8.968	16.732	-1.087	-8.450	-19.754	4.260	1.726	-5.536	-2.131	8.688	5.995	-1.865	14.183	-19.958	-3.350	3.423	-5.508	12.934	19.528	-18.968	-13.335	7.124	-5.000	7.934	17.833	-12.894	7.496	4.335	13.075	-7.039	-16.085	2.044	-10.307	2.828	13.594	-10.062	-12.913	-4.680	4.402	4.956	-15.992	-9.603	-16.908	18.191	-9.561	-0.258	1.614	4.931	-7.324	1.142	5.963	-0.660	-11.734	-19.037	-12.726	-13.901	-11.932	14.770	10.433	-18.857	-12.269	14.348	3.187	-2.576	-2.824	-3.219	7.362	4.263	
12.101	-8.236	-10.781	16.109	2.161	-7.689	14.300	12.600	12.053	-4.086	-2.470	-15.271	17.056	-16.506	4.069	-14.678	-15.544	11.343	-8.580	-7.476	6.114	-18.146	-6.332	13.845	16.201	16.855	-8.732	-6.623	-6.365	18.630	17.640	-14.264	-9.607	-13.141	-18.155	12.554	-0.830	16.144	5.154	-8.777	-7.942	-17.316	-4.048	-10.886	-13.822	-19.979	-5.564	-9.366	11.364	5.857	3.158	-2.522	7.710	16.826	-8.677	3.912	13.681	2.591	17.289	-12.684	1.220	14.929	-6.948	11.614	-18.212	-5.103	4.168	0.958	-8.959	-10.678	12.181	3.100	-7.994	-11.867	12.214	-1.816	-11.846	-13.350	8.818	19.518	12.507	-8.024	-3.004	0.217	-11.198	8.319	-15.871	-17.517	-9.091	-18.582	-10.201	12.130	16.346	2.851	3.743	18.134	17.748	-12.088	-0.908	-11.210	
-2.767	-8.726	11.890	9.240	-0.593	4.104	-12.576	7.561	10.754	16.241	7.079	3.261	-11.782	-15.924	-16.522	-2.980	12.395	-12.393	-0.497	-16.696	-10.975	9.302	15.434	-14.629	-7.847	-0.823	-16.494	-10.099	7.089	2.598	-1.309	-15.678	13.872	-9.419	13.562	-6.721	14.684	-19.015	-19.160	5.439	17.227	7.919	-11.300	-14.556	11.995	-7.822	2.464	4.389	-0.215	-18.033	7.693	8.810	11.269	3.127	14.181	-16.578	-17.696	17.687	-6.677	9.392	0.285	12.014	13.714	-5.843	-17.405	7.276	7.436	17.280	8.261	8.275	2.718	5.488	-3.806	11.418	10.932	-11.811	-16.404	-6.604	12.578	3.381	-4.637	0.271	-7.809	-13.368	-16.602	-13.628	-9.946	-14.299	-15.941	3.377	15.094	4.344	-4.608	8.808	18.501	-2.013	-3.916	5.936	-4.733	-15.655	
-5.789	17.985	9.833	10.406	9.403	0.765	18.595	12.999	14.162	11.173	-3.620	-10.475	-8.556	8.570	-3.843	-5.159	14.943	6.211	0.543	19.002	-10.412	-4.363	3.346	4.980	-15.555	1.846	-17.033	0.529	-12.218	-1.767	4.874	1.994	-3.782	-5.293	-7.601	-14.379	15.473	-9.006	18.620	9.634	-17.833	-5.000	19.159	-6.390	-16.430	-4.684	8.451	18.513	-18.474	-11.006	17.514	-8.886	4.631	0.860	16.094	9.076	-17.294	19.061	-10.396	-9.511	-2.706	14.479	12.483	13.513	-10.814	-15.118	19.134	-15.341	-4.124	17.754	14.293	-1.957	-7.246	13.452	11.653	-3.676	-11.233	0.104	-5.163	-9.707	9.098	-7.649	1.408	-6.271	13.211	-2.499	-17.195	15.917	-3.438	-7.591	-13.594	13.856	-13.112	18.889	7.369	-3.927	-16.229	6.502	0.732	-0.353	
4.256	-4.975	17.689	17.010	-11.524	9.342	-6.666	-2.756	-10.554	8.170	7.537	18.544	-19.479	-11.056	-7.727	13.732	6.446	-4.922	9.650	-16.992	7.487	16.056	16.864	14.374	14.944	4.232	-9.552	18.715	-9.265	11.180	-1.638	14.991	-13.795	-3.949	12.001	-5.319	-14.607	-14.665	11.925	-5.161	13.505	-0.538	-6.617	14.027	8.406	5.657	7.759	-5.148	-19.265	-2.592	-2.141	8.222	-6.536	-5.277	2.596	-11.592	18.956	13.044	-12.877	-10.310	4.224	5.484	-15.318	10.429	-18.465	16.683	-14.890	-13.072	-17.982	17.034	1.767	15.523	-3.504	15.151	9.550	-15.098	0.807	-2.692	-0.247	1.542	14.717	17.613	-10.236	-11.819	-7.664	12.360	-3.411	-8.708	5.404	3.712	0.982	-10.373	-10.804	5.664	-19.944	-9.268	2.347	-14.834	-2.340	4.365	
-17.800	19.427	-0.112	-1.304	14.578	-10.562	3.598	-4.615	6.746	-16.649	16.927	1.463	-19.036	-13.309	9.644	-6.700	19.051	-13.768	4.592	4.454	9.944	-14.426	14.082	19.140	11.238	14.137	-10.128	-6.415	19.303	7.532	17.950	-18.497	6.959	-2.163	0.199	1.537	7.275	-16.204	16.922	-5.979	-12.853	13.850	15.484	-11.889	-19.459	5.128	1.412	19.592	11.360	-13.996	4.046	1.304	-8.422	-1.873	0.445	-17.184	-7.735	10.317	-3.599	-8.432	-2.151	-5.649	-6.929	-15.192	12.188	13.270	6.344	-0.537	17.066	3.267	13.484	-15.787	-2.884	8.968	-7.675	-2.343	-5.904	13.736	-2.751	-14.544	19.740	-18.706	6.760	-8.682	-0.578	-12.795	-5.866	11.687	17.522	10.535	-16.746	-4.630	-15.114	-3.675	0.178	17.074	-10.405	-13.478	-3.463	-13.339	
9.789	-9.979	-9.126	-13.095	18.989	3.199	4.563	-6.915	-3.065	-18.189	-1.459	-3.325	-16.894	-14.699	7.993	2.527	-7.494	-17.873	-5.786	-9.973	12.662	-2.532	5.398	17.548	13.794	-14.424	14.622	-16.611	-7.902	-8.842	-9.951	-18.113	1.179	0.923	-11.208	0.169	-15.878	13.355	13.253	1.057	15.166	-8.206	17.732	18.272	-2.905	5.725	0.799	9.601	7.852	15.013	19.628	0.514	-7.519	5.026	-1.938	-13.725	10.602	-7.317	-10.336	-17.300	3.842	-0.287	-15.413	-14.979	-19.364	-6.621	5.190	-15.242	-13.266	-1.557	5.815	-18.100	10.237	3.547	-19.828	-12.668	-10.728	0.971	16.933	17.123	-4.016	16.562	-2.363	8.465	1.588	15.699	14.740	-7.811	-11.618	-15.596	-5.111	12.224	4.116	-0.525	17.245	4.752	12.854	2.435	9.510	19.588	
-19.122	-4.675	-18.512	11.115	18.872	-18.340	18.448	-11.856	2.631	15.381	-14.733	18.614	11.943	2.904	7.079	-6.470	-1.397	1.819	5.720	6.986	6.223	-19.391	-0.790	-9.660	0.084	-3.545	15.092	-7.061	18.890	4.602	-7.473	19.768	19.928	-5.985	10.883	18.800	-4.325	9.331	-13.057	18.306	4.712	-7.790	16.920	-3.345	15.115	3.999	10.185	-6.282	-14.181	-4.095	-19.296	12.042	-3.486	-0.086	-17.619	16.598	16.369	17.473	-10.463	15.259	2.076	2.064	15.027	2.003	16.079	5.910	0.803	-8.246	-4.759	7.746	-9.940	19.953	19.956	-13.021	-3.392	15.071	10.979	-13.207	-11.211	16.797	2.698	-10.507	8.839	19.212	9.406	11.220	15.810	5.775	8.694	-14.653	1.034	-9.231	7.411	-3.939	12.773	3.490	-18.029	-6.424	15.243	-2.788	
-18.678	-14.697	-2.835	-18.722	-7.718	13.773	16.349	-16.739	-19.434	-14.863	-19.942	3.264	-5.370	8.898	2.476	-15.964	0.118	-1.714	9.812	-11.188	3.633	-9.154	-0.419	-8.956	6.906	-7.647	14.533	8.877	5.929	9.777	-13.911	7.251	15.080	3.254	8.528	-12.638	-2.974	4.877	-9.377	-2.408	10.014	-9.318	-19.143	-15.356	19.579	3.333	-11.319	-0.303	-18.381	18.493	8.509	5.252	-10.662	-11.910	16.296	16.244	0.443	10.829	5.121	-13.628	0.606	11.210	13.623	-4.314	-5.537	2.151	3.048	11.490	-12.972	13.671	-10.918	17.042	-15.647	-10.061	-18.313	-16.068	13.272	-9.632	3.630	14.891	-11.139	-7.862	0.143	-1.801	0.228	-3.561	-5.557	-19.329	-12.731	19.565	-12.957	7.875	10.775	-19.335	-16.440	-14.762	2.816	6.608	16.728	9.844	
0.280	-14.190	6.887	4.633	-4.251	8.574	8.565	-10.979	18.942	-7.805	-16.088	-12.198	4.333	4.055	6.001	-15.439	-19.506	-19.556	-14.768	-12.237	-19.991	-7.726	15.637	10.783	-7.060	19.198	16.022	15.756	5.806	12.749	5.601	-13.914	18.560	-7.512	10.719	-5.691	-18.938	-0.716	3.330	-19.997	11.479	7.242	-12.195	-4.188	-8.703	13.806	0.373	-8.209	14.251	5.605	-0.446	14.260	17.879	-4.809	5.043	-9.181	-5.611	1.065	-13.425	-19.804	-6.186	12.176	-13.718	-7.626	-15.336	17.001	6.682	-14.274	-3.715	-9.988	-14.271	-12.236	17.254	-6.466	3.576	-11.450	-12.659	-16.051	0.341	-18.409	9.553	19.895	15.851	7.432	-4.913	0.894	18.251	9.476	-18.041	-15.173	9.672	-4.227	17.003	15.953	8.147	-18.333	12.954	-5.171	-12.607	-10.761	
4.841	-6.878	-2.997	2.095	6.656	-19.421	10.645	13.996	-15.472	-9.013	15.588	14.081	-9.118	11.439	1.514	5.969	-7.667	-0.235	-4.555	-5.708	4.592	-14.883	10.066	1.595	-18.930	-1.788	3.262	14.024	13.041	10.655	-16.737	-2.117	-16.224	0.266	19.978	10.432	0.845	10.623	4.428	5.373	-18.390	0.016	-0.546	-7.508	-8.545	-19.033	18.460	3.789	0.732	-6.095	18.081	-14.676	-0.978	8.147	6.919	0.092	-13.641	-9.820	-5.883	19.400	-19.165	-2.620	-2.717	-15.389	17.646	-2.739	15.043	-1.509	-12.116	-0.529	-16.136	-10.507	19.488	3.318	1.985	-9.057	4.285	0.446	14.732	-14.983	14.351	12.813	-9.659	-6.627	0.960	17.260	13.466	7.319	-12.559	-12.417	6.719	-11.724	4.963	-15.998	-7.113	2.609	1.263	-12.070	-18.900	9.147	
7.401	-15.035	18.641	6.889	8.282	0.626	17.832	-7.432	-18.929	12.564	-2.415	15.422	5.377	7.927	-11.204	-13.664	5.187	-17.739	13.655	12.627	-10.156	0.374	-19.097	14.807	4.377	-6.211	-2.584	-14.360	1.719	-1.484	14.787	-10.880	3.481	13.428	16.009	-8.237	-5.946	13.840	4.331	-4.875	6.404	-18.084	-9.453	-8.219	9.843	-0.657	-1.883	-4.971	1.604	-8.228	-12.343	11.449	12.146	-11.441	6.255	-3.477	2.349	-16.329	2.163	-15.933	2.188	-3.049	-6.813	-14.331	-9.622	-10.804	-2.568	4.432	-16.964	-18.237	19.557	9.440	-16.320	-9.896	-18.779	13.523	9.447	-0.662	-11.448	-8.948	11.110	-3.791	-17.500	3.257	4.768	8.755	19.780	-12.884	12.427	1.943	-8.816	-5.385	18.894	4.371	0.284	-10.728	13.567	17.716	13.704	16.604	
19.479	13.261	6.044	-16.841	-16.635	7.265	16.682	12.813	-13.397	-14.766	-16.136	17.713	1.442	-13.636	0.970	-13.790	15.120	0.750	-6.673	7.547	-17.307	4.511	-17.839	-18.413	-11.118	2.445	-9.141	-17.551	0.161	-15.437	19.053	-0.360	17.824	5.097	2.799	-18.810	-7.638	-0.520	14.002	-1.035	4.714	17.867	-3.322	-13.844	-15.769	17.648	-7.634	19.351	-1.602	5.693	6.897	1.091	-9.797	9.058	2.677	-0.915	-8.497	13.536	1.535	11.664	18.099	0.588	-8.696	15.923	-14.315	14.103	17.113	-1.953	-6.417	11.116	17.013	18.297	8.982	-6.309	-15.547	13.213	-8.661	-3.180	12.564	9.737	-17.488	-0.539	-9.173	-7.284	-11.481	13.505	11.801	0.023	7.041	-6.664	-8.313	5.140	13.924	2.991	1.063	19.609	-2.907	-1.824	-2.344	10.676	
-10.708	-5.331	8.973	18.274	8.360	13.427	11.488	19.699	-9.754	4.051	9.436	-7.241	-16.488	-19.736	5.474	-7.968	13.768	-2.724	12.055	0.809	10.612	-16.259	-14.052	4.536	6.732	7.011	4.145	-16.175	-14.812	-18.198	14.501	-5.520	-3.529	3.475	-7.246	-15.169	-3.098	-15.758	-15.470	7.148	8.293	13.966	19.906	11.805	14.230	5.381	-16.163	7.998	-17.343	15.892	-11.193	13.269	19.633	-5.245	-2.195	6.365	-18.233	-18.050	10.190	-13.046	-16.249	4.691	1.434	0.222	-11.834	14.188	5.052	5.068	18.430	9.582	-7.784	6.723	3.548	-7.878	-1.472	-2.222	17.503	2.365	-14.224	-19.840	-1.743	-5.417	13.428	-2.111	9.338	-8.767	-15.746	11.105	-6.818	14.444	18.060	-3.066	-0.865	-0.506	17.155	7.301	-6.318	2.208	-7.631	-7.888	
-8.210	4.585	18.834	15.339	16.707	-2.638	-6.883	14.209	19.727	-1.107	14.369	-2.016	13.476	7.797	15.873	2.815	19.030	-19.873	-6.080	-7.787	14.571	-8.020	9.146	-6.294	11.474	6.302	-18.993	-14.844	-11.491	-6.624	-2.733	0.300	17.961	-3.898	-4.362	14.668	13.464	8.755	8.877	13.191	-12.351	3.246	-8.826	-18.875	-8.957	-12.953	3.940	-9.927	-12.826	17.860	2.286	-18.255	-10.160	-8.568	-4.549	-18.687	17.734	-3.541	-13.531	-13.757	9.835	3.737	6.543	7.796	19.838	-17.819	2.463	13.302	10.937	-8.660	6.492	18.586	14.586	17.666	19.711	-14.370	-15.287	3.651	-4.297	-8.113	1.511	17.989	-6.367	11.351	-10.579	9.084	12.664	-12.846	-14.458	19.133	-6.603	15.377	2.870	19.940	3.173	2.708	-17.878	-14.363	-3.990	13.058	
-3.023	-17.498	11.644	-8.437	-19.832	11.355	-2.807	-15.119	-4.995	12.896	-3.231	16.516	10.885	10.401	7.866	-19.694	-0.515	0.531	-12.540	5.028	-0.336	0.857	0.405	-17.467	0.798	-16.422	5.241	2.919	-10.785	-18.749	-4.022	6.192	-16.247	-12.378	17.755	-16.079	18.976	-5.052	-11.198	-6.018	-12.156	5.571	-9.502	18.729	-4.028	18.364	19.035	15.458	-1.105	-13.505	0.485	18.558	7.352	-19.110	-18.908	-11.850	-15.532	6.333	11.069	-6.317	7.584	-12.953	19.875	11.336	-5.331	17.630	15.257	-6.355	-7.422	-15.941	7.627	0.422	9.630	18.124	-0.849	-14.398	16.488	-1.814	-18.940	-4.617	4.681	1.545	-6.059	-7.967	2.435	-4.967	0.183	6.903	-18.634	-8.748	-19.414	8.949	-1.700	-19.540	0.286	12.969	18.090	-4.458	-13.386	-9.332	
-0.399	14.241	11.091	-10.769	12.365	-9.758	-5.167	8.854	8.428	-4.107	-15.763	-6.891	17.437	-1.822	5.142	-0.128	13.211	-14.675	-13.225	14.576	-3.422	-12.639	3.526	14.877	-12.179	-16.189	7.846	-14.089	-0.646	14.460	-3.421	18.955	8.701	-12.330	-11.814	1.066	-2.088	3.020	-10.081	-13.660	18.912	-5.844	-0.551	16.350	12.334	-15.409	-3.778	5.545	-10.083	2.996	0.121	6.494	10.357	-16.353	1.371	18.178	-12.542	-10.783	-15.911	6.812	-16.323	0.669	5.767	12.378	8.339	13.954	-6.557	-13.749	-3.027	3.363	-7.409	-4.115	17.519	12.040	-7.765	9.853	16.632	8.456	-4.603	-13.452	-8.547	15.518	13.042	-18.190	19.165	-5.586	19.988	-13.377	3.631	-15.923	13.435	7.308	4.746	-0.797	-0.314	-6.916	-6.844	13.129	-0.665	10.130	
-3.508	11.926	-13.985	-5.989	3.967	-1.750	-16.137	0.598	-13.294	-0.739	7.147	-1.841	-5.221	0.189	-0.031	-6.056	14.603	-0.043	0.568	-1.766	4.034	-5.997	-14.458	-11.220	13.206	5.228	1.864	-13.638	-1.643	-18.801	16.492	14.848	13.126	-17.493	-11.141	-2.908	0.757	-7.278	17.691	7.464	11.983	4.838	-14.377	-13.238	-14.973	5.592	0.706	19.630	-14.451	-18.726	-2.136	9.583	-4.723	3.406	18.362	-11.517	-11.366	0.226	-5.154	6.991	1.426	-8.662	1.839	-5.449	-6.155	10.698	11.643	14.602	-16.580	9.334	2.066	15.402	-5.828	7.689	-17.836	-0.801	-6.719	2.870	-1.171	-1.170	4.144	16.693	-11.588	19.421	0.100	-13.225	-12.096	8.734	7.001	2.750	-4.276	-11.573	14.088	17.563	2.978	-12.067	8.261	-5.379	-17.465	11.680	
-16.045	4.601	7.083	-1.873	-7.710	9.247	17.326	5.571	-7.883	-3.846	-15.600	16.261	-7.153	-7.188	15.682	12.947	-0.413	-16.413	1.681	-13.412	6.337	17.405	-4.986	0.425	14.969	17.992	8.357	3.229	-7.387	10.892	-5.090	-3.431	-4.507	-18.007	14.696	7.783	11.240	12.021	-6.646	-16.643	-11.824	-2.246	19.618	1.023	10.566	15.300	-6.030	-9.847	18.887	15.651	-3.259	5.224	13.056	11.755	-14.351	8.025	9.748	14.006	-8.746	-17.639	4.898	6.164	-1.070	-19.608	8.157	-6.374	8.175	-0.604	-14.353	-18.471	2.753	-6.177	-0.717	2.371	14.847	-10.151	-2.329	-11.183	0.002	-3.441	-15.532	16.743	-18.217	17.525	8.498	-12.569	5.550	-1.754	-18.563	16.804	0.607	6.336	2.968	19.537	6.727	-8.875	-6.837	-5.098	10.521	-1.189	
-3.569	-6.726	12.634	15.714	15.645	7.481	-14.437	-6.683	16.298	5.565	9.876	-19.234	2.308	11.658	18.291	-9.194	19.089	3.841	9.052	-19.473	0.645	-10.341	6.862	-16.387	-10.803	-6.410	-5.262	2.360	8.492	-14.741	-18.829	-15.077	-1.467	13.805	-19.363	-5.821	1.286	-13.800	7.496	-2.416	11.764	-2.629	-1.649	-5.928	-10.971	-3.358	4.878	-11.881	-19.518	-6.070	-11.355	1.127	3.589	15.508	4.740	12.786	-10.903	19.477	-4.854	17.589	-15.264	-3.683	-17.487	3.269	-9.877	-16.850	17.448	11.409	-10.651	4.943	-11.007	-18.886	-17.686	7.344	-4.814	-8.656	-16.015	-19.937	-0.538	-15.532	-6.007	8.108	5.595	17.582	3.615	-9.666	10.369	12.713	-10.189	-14.485	10.302	-5.453	1.832	12.815	17.816	11.955	15.964	15.264	3.364	-14.687	
0.208	12.357	-13.573	2.522	-0.299	1.613	13.866	3.686	1.676	-6.672	8.154	15.669	-18.564	-6.252	13.252	5.051	4.083	3.620	-2.236	13.894	9.135	-11.934	-11.559	-9.032	-19.119	-13.743	-17.077	16.845	-18.479	6.287	-17.842	1.729	-1.356	-11.415	-15.749	18.345	10.198	18.117	2.031	-8.126	-8.555	-9.816	-12.456	-7.119	3.933	-19.204	17.932	-11.985	4.416	-4.304	-18.091	-6.449	3.762	-9.650	4.519	4.642	-3.392	7.442	1.487	-1.871	-6.271	3.645	19.858	12.373	12.231	-15.891	10.717	2.429	-17.774	-7.252	14.303	-6.329	2.932	-18.153	6.551	-13.135	-17.358	4.483	-5.119	7.058	-19.821	-3.210	-19.391	3.941	7.140	5.128	-11.416	-16.252	-7.430	10.071	1.877	6.299	-6.284	1.735	-1.329	-14.053	5.844	-10.611	8.375	8.070	
2.136	2.678	-18.259	-14.931	4.525	8.292	-8.066	7.167	-7.225	6.814	-5.775	-7.046	-16.396	-5.166	16.896	10.745	19.963	-14.521	14.493	-7.467	15.550	-3.630	18.832	-10.734	18.105	-2.497	-4.787	3.949	6.892	-16.412	-7.981	-10.972	6.266	-6.240	-5.903	-9.209	-17.948	6.031	17.957	-5.173	-7.155	-7.818	7.781	-3.550	7.017	4.677	-12.806	6.979	10.156	-18.313	19.512	5.706	-1.943	18.344	14.972	-3.839	-4.153	-9.816	-19.890	-17.261	-6.228	-7.871	-8.233	-19.962	5.889	5.864	-9.171	7.940	-8.105	-11.214	-17.233	4.740	0.969	10.548	-18.810	-12.015	-4.775	-11.616	14.965	-14.620	-9.929	14.477	11.086	8.128	12.821	6.058	-15.711	-11.332	16.242	-15.600	-8.593	-9.986	-3.471	3.174	-9.947	-17.582	-10.962	0.881	10.358	0.933	
9.667	13.125	-14.327	-9.364	3.674	-13.137	-1.379	18.898	-4.753	-6.414	-15.721	5.319	-11.936	15.365	-6.553	-19.115	1.423	-2.264	-10.447	-2.335	2.135	0.960	7.679	18.664	-15.866	17.732	-18.918	-6.827	-1.387	11.440	14.106	-11.719	4.566	19.779	-1.083	-11.761	-13.358	17.538	-12.863	1.890	-8.876	-8.584	-12.792	-0.812	-13.219	0.655	0.073	8.203	18.391	9.626	-14.132	0.526	-9.414	13.547	-0.810	-5.280	11.279	0.272	7.893	-10.107	-8.287	1.999	-1.827	16.278	1.778	17.090	-15.482	8.420	14.628	-8.345	-9.691	-14.248	3.071	-2.482	4.940	9.851	18.173	-14.987	-1.945	16.564	14.639	3.923	-2.910	-14.775	-2.530	16.280	-0.055	-11.250	-3.448	-12.162	-1.358	8.265	9.837	16.815	4.543	-8.386	13.905	9.061	-19.966	8.533	
-19.284	-9.656	14.285	3.787	7.862	-0.774	-6.362	6.034	4.239	11.693	2.598	-1.122	-4.385	19.688	4.103	13.086	15.968	-15.952	-18.165	-7.480	-8.114	0.477	-19.215	-18.277	-2.707	5.329	-6.662	-8.802	-5.610	-6.628	19.731	-4.894	3.716	14.016	18.892	-8.423	-6.758	-7.470	17.612	17.481	-15.777	0.210	-3.641	-0.162	-0.102	-19.538	-7.076	-4.134	-15.490	-5.241	8.386	-3.603	15.237	9.171	-1.880	-7.470	-5.500	11.458	3.728	8.890	-15.170	3.458	-16.004	8.546	-2.526	-17.112	-19.877	10.716	-4.581	17.735	8.197	-0.358	-2.055	-15.444	19.480	17.843	-14.982	-7.596	-6.292	-10.472	7.163	-17.906	5.925	2.400	11.265	-15.955	14.930	-14.234	15.503	-1.342	14.656	-19.668	-17.884	18.652	8.878	-0.410	-18.460	9.001	-9.694	-3.041	
6.736	18.504	16.600	-15.319	-16.940	16.080	-17.477	-11.922	-11.516	-3.768	-2.394	15.648	-1.674	-16.469	-1.952	-10.409	-12.424	-7.022	-4.643	-16.922	11.636	-9.987	-16.589	13.751	-11.335	12.289	-6.658	-9.795	1.290	3.648	7.163	-11.974	2.152	3.764	-7.293	5.211	-0.156	-4.770	13.289	8.328	11.462	-9.105	3.976	-10.213	-5.574	-17.976	-0.622	2.001	-4.998	14.735	5.079	-13.362	-15.252	8.490	-19.611	-6.587	0.779	-6.269	3.617	-17.932	17.379	-9.219	-9.906	-0.469	14.544	2.801	-15.258	-5.612	18.031	18.031	-17.284	9.493	-11.074	6.692	19.280	3.352	8.716	-1.342	-14.647	-16.282	-6.607	10.432	-9.645	-1.859	-1.078	-9.256	11.554	19.701	4.475	-4.829	-18.231	1.854	5.952	-8.137	-18.616	0.496	14.664	-13.874	14.884	12.695	
-15.843	17.600	2.188	-6.917	4.292	1.468	16.435	-6.992	-19.874	-18.212	-3.274	-6.481	12.220	7.081	11.660	-8.857	17.825	3.213	-9.157	2.300	18.384	-7.387	-15.846	4.336	4.476	-14.462	-15.169	-0.860	-8.336	19.716	-8.164	-4.179	17.316	14.024	8.905	1.608	-4.509	5.340	14.616	-4.383	7.128	-8.658	9.136	-0.652	18.423	0.795	10.491	16.248	-15.991	-18.666	-1.452	-17.607	-6.053	2.702	6.728	18.422	8.239	11.560	-2.437	19.904	11.275	9.398	-4.275	8.591	3.422	-15.370	-9.801	18.913	9.970	-15.185	-5.470	-2.902	-3.843	-16.334	16.446	-5.421	4.461	6.937	-9.173	8.470	8.271	9.375	10.862	-17.783	-7.924	-2.410	-19.360	-19.684	-10.850	-1.798	-19.781	-19.575	-12.399	-4.056	9.016	11.023	0.574	19.215	9.936	-9.456	
-15.970	-15.534	7.642	0.186	-11.868	4.087	14.765	12.593	-8.976	-14.408	1.063	19.295	14.967	-8.075	-18.488	-12.957	9.516	-17.849	-12.641	18.666	0.354	-12.422	19.091	7.955	3.522	8.107	-1.023	-15.903	7.321	-11.086	-5.359	11.351	-6.620	-17.718	-8.463	1.512	6.370	-13.698	-5.895	17.394	-8.105	15.168	16.688	-13.139	-12.906	18.200	-6.095	16.610	-19.649	1.263	15.275	0.705	8.841	14.366	-11.341	-7.636	2.472	7.637	-3.539	-10.206	16.550	11.101	-18.855	-10.070	13.383	-7.318	11.442	-0.247	-1.016	-14.452	-2.854	10.879	-19.284	-6.165	17.740	-12.190	-7.966	-8.356	-15.580	-7.614	12.908	19.695	13.090	1.749	14.061	-18.250	14.113	-3.467	9.387	-9.426	6.327	5.937	-18.325	7.471	15.867	15.058	-19.847	7.310	-5.189	-0.863	
12.858	11.958	-9.985	13.574	-14.208	-12.245	-18.616	-2.173	-0.601	-14.197	10.212	-7.693	-14.502	3.303	14.056	19.559	5.052	8.169	-3.908	-5.561	18.743	-17.582	-19.624	-19.582	9.889	16.243	15.476	10.042	3.553	-9.713	-10.822	-3.589	-17.755	-0.807	-10.016	-11.963	6.948	-8.632	5.864	-13.652	-2.828	-3.924	-1.345	2.670	19.379	-7.289	2.228	4.431	-19.119	18.320	18.870	19.624	-19.262	19.246	-19.958	10.627	15.490	15.518	0.669	-0.957	-14.195	9.847	15.454	-11.950	-10.959	-14.562	-3.913	15.989	-3.194	-18.049	-17.663	13.978	-1.972	0.991	-3.352	-2.594	13.703	18.876	-18.163	14.583	17.196	-19.292	14.207	17.934	19.954	14.249	8.562	15.444	9.767	-10.769	-5.513	15.572	19.078	-10.060	-16.378	-11.881	-4.622	-0.291	-15.892	12.184	
1.661	-13.556	6.162	19.688	7.436	-17.190	-2.905	1.138	-18.314	-1.068	-4.278	18.882	-0.360	-10.071	16.816	-0.406	-15.822	5.378	-4.963	13.944	14.609	9.524	9.516	13.687	19.464	13.138	-18.194	-5.158	-7.153	-14.087	-12.973	14.508	-7.643	13.189	14.197	19.793	15.998	-8.709	0.931	17.684	10.223	16.653	16.566	-10.137	-13.418	13.383	9.457	-9.241	-1.239	-15.506	-15.297	-6.630	14.018	14.219	-12.944	13.482	7.357	-11.138	-11.676	-19.796	-5.225	-4.649	14.713	7.132	-11.460	8.909	6.925	-15.462	-19.800	-12.144	-17.778	10.423	-15.491	18.789	-19.714	-8.909	12.171	9.743	1.850	-9.068	14.237	6.553	4.302	8.255	0.773	11.358	1.737	-11.870	-19.780	10.061	-11.666	-5.005	-14.588	-16.953	-17.873	-6.048	11.956	9.052	-1.510	12.156	
16.909	0.712	2.579	-18.582	-0.499	2.866	-7.491	-8.328	-7.391	14.359	2.604	-13.155	0.912	-13.094	15.100	-18.315	18.264	-3.163	-10.185	18.484	-13.101	-1.851	-6.521	-7.689	1.195	-4.394	6.263	-6.849	-15.342	-15.247	-14.693	-18.433	5.465	7.886	-17.015	-15.034	-9.248	-4.506	-3.362	3.361	-10.147	19.242	10.206	10.765	-13.852	5.306	12.450	-15.588	-17.856	-17.735	-17.104	-10.958	0.413	-3.626	1.353	-18.392	11.980	-12.384	-5.241	16.639	-7.631	0.066	18.206	17.835	-12.048	-18.809	-17.200	-1.296	-3.315	-0.561	-17.936	6.538	-1.319	12.270	-2.697	4.829	-2.423	-10.247	9.241	-0.280	-7.982	12.137	8.763	12.431	-11.489	-9.884	14.040	-19.509	-2.267	-11.201	17.130	10.102	8.865	15.336	7.937	16.817	16.526	10.737	-4.479	-6.789	
-9.824	-2.415	19.748	8.856	-10.145	-2.949	-6.315	7.432	6.804	-17.074	-12.848	18.822	15.063	15.915	11.254	-16.426	-13.969	5.294	-15.935	3.764	14.093	-18.805	-6.134	2.958	16.530	-18.198	-0.225	13.056	12.539	15.296	-13.733	-17.285	-7.119	-13.984	11.571	2.736	3.067	-14.743	-9.832	-10.129	-11.817	-2.680	-11.307	-16.754	-6.765	19.947	-13.181	-0.733	5.241	-9.116	-16.970	-0.666	-7.921	-3.104	-17.708	-11.391	-1.302	2.067	-18.334	-8.762	-2.637	-12.067	-6.047	10.244	-6.051	-14.476	-7.020	17.016	-9.219	3.148	-13.113	-1.036	-19.531	-4.420	2.210	-6.296	-4.472	9.029	12.970	-19.231	19.913	16.001	0.103	-8.007	-7.103	2.395	0.602	11.595	-15.537	2.268	-17.168	1.825	10.201	-3.215	-7.931	-15.850	2.309	5.049	-18.834	13.090	
-11.803	-11.948	-7.946	-11.334	3.632	14.263	2.370	19.160	3.292	-4.660	19.929	3.206	-8.659	0.032	15.199	4.237	-17.573	-4.199	-4.168	-13.111	18.069	-1.335	8.715	8.270	15.450	-19.216	12.420	-2.242	5.833	13.585	-9.152	14.030	-18.362	2.902	-17.304	5.270	-2.835	5.066	4.430	-19.542	-19.594	4.359	3.663	-8.253	-15.610	-1.138	15.984	-13.183	14.663	-8.184	-6.294	12.731	10.481	-17.579	1.001	5.930	-16.795	-6.579	-16.311	9.039	-12.994	-5.463	3.069	-11.356	17.439	5.765	13.914	-5.396	-9.169	-1.656	-4.938	-8.763	-17.297	18.725	2.984	-12.907	-2.413	-1.032	-6.090	-7.750	10.784	7.616	-15.019	1.265	10.038	5.982	-12.805	13.243	19.403	-9.117	2.282	-13.591	5.420	-14.649	-4.947	2.859	11.116	-11.033	17.463	-18.053	
7.311	-7.475	-6.816	10.014	-8.750	16.168	17.107	8.838	-4.864	-8.983	-18.913	-14.080	18.633	-13.932	7.184	8.670	12.050	14.379	1.914	11.453	-14.738	-15.805	17.862	10.683	-10.454	-7.084	-6.458	-19.338	1.883	-8.995	-17.390	-10.806	3.531	-4.206	19.208	14.781	-8.038	16.315	3.619	7.098	-12.668	4.706	13.018	-14.035	10.774	0.202	14.635	2.825	-5.419	-3.451	-5.722	-0.156	0.744	-7.860	-9.473	10.290	5.056	4.069	10.953	-13.061	15.074	13.562	-3.867	-1.395	-10.643	-4.659	-6.614	1.319	-8.344	17.004	-11.582	-1.012	1.710	-18.564	4.953	-7.516	1.638	-0.412	15.309	16.219	16.136	-10.413	-3.937	-3.120	1.727	6.590	-12.830	-13.218	-9.342	18.123	-6.279	-14.268	11.685	9.854	4.337	-18.958	-14.804	17.723	2.362	-3.148	
14.727	10.779	15.840	-3.563	12.215	0.793	8.922	-6.147	-19.620	4.230	-9.928	16.517	13.817	6.135	-6.603	-4.456	-7.275	0.567	2.326	3.383	-1.310	16.047	9.115	-9.624	5.902	-6.548	-8.582	11.097	-8.825	13.779	-12.051	-14.098	4.559	-16.211	2.340	-3.226	4.582	-8.739	10.627	4.962	15.492	-19.301	1.479	9.309	6.834	14.876	-15.148	19.559	-4.556	7.179	2.942	14.134	3.226	-7.943	-15.491	-10.872	5.510	-4.073	-19.775	16.685	-10.293	-11.826	-17.413	14.265	-8.037	4.927	-8.961	16.545	16.188	-18.334	1.507	11.680	-17.635	-17.013	0.988	9.199	17.863	5.841	8.758	-6.694	-6.981	-8.300	-12.560	16.246	3.757	-8.051	-14.627	-10.733	7.877	-14.402	-14.048	17.583	-6.228	-11.461	11.849	5.735	13.466	-17.112	2.280	9.654	
-15.446	-16.212	1.334	-13.082	-13.226	-17.677	16.117	-15.363	8.163	4.875	-2.057	-18.817	16.574	5.383	17.428	0.332	17.333	-17.199	9.598	5.210	-11.600	15.550	2.793	2.172	-15.910	-5.358	-12.093	17.556	-2.470	10.187	7.210	2.084	13.975	-11.456	9.002	-19.251	-9.133	5.119	-14.614	19.030	-10.007	3.329	-19.787	-13.432	-11.287	17.641	6.899	-13.955	-19.557	-3.502	11.255	-11.158	-7.952	-5.952	11.014	-3.862	8.690	18.921	-6.307	-13.780	9.108	-19.096	8.303	3.083	-10.552	-2.695	3.832	0.315	-17.576	9.218	-0.655	-7.583	-7.453	-0.442	-1.015	1.260	-2.801	-14.115	7.305	-2.358	2.382	-1.440	6.484	14.430	12.608	-2.502	-9.432	1.298	-3.581	4.261	7.518	-14.474	5.165	-4.178	8.609	14.613	13.127	-7.559	-5.072	15.551	
